:020000040800F2
:10000000000400201D8100081F8100081F810008D6
:100010001F8100081F8100081F8100081F81000840
:100020001F8100081F8100081F810008051E0108AC
:100030001F8100081F8100081F8100081F81000820
:100040001F8100081F810008F14001085941010883
:100050001F8100081F810008B92A0108E12A010850
:10006000092B0108312B0108592B0108A93001087F
:10007000D1300108FD30010829310108553101084E
:100080007D310108A93101081F8100081F81000886
:100090001F8100081F8100081F810008812B0108B3
:1000A0001F8100081F8100081F8100081F810008B0
:1000B000552C01081F8100081F8100081F810008BE
:1000C0001F8100081F8100081F8100081F81000890
:1000D0001F8100081F8100081F8100081F81000880
:1000E000E52B0108914101081F8100081F810008CC
:1000F0001F8100081F8100081F810008D5310108F9
:100100001F8100081F8100081F8100081F8100084F
:100110001F8100081F8100081F8100081F8100083F
:1001200001320108293201085532010881320108E3
:10013000AD3201081F8100081F8100081F810008DF
:100140001F8100081F8100081F810008453D01082C
:10015000D5320108013301082D3301081F81000841
:100160001F8100081F8100081F8100081F810008EF
:100170001F8100081F8100081F8100081F810008DF
:100180001F8100081F8100081F8100081F810008CF
:100190001F8100081F8100081F8100081F810008BF
:1001A0001F8100081F8100081F8100081F810008AF
:1001B0001F8100081F8100081F8100081F8100089F
:1001C0001F8100081F8100081F8100081F8100088F
:1001D0001F8100081F8100081F8100081F8100087F
:1080000072B6374880F30888364880F309883648C6
:108010003649086040F20000CCF200004EF63471A0
:10802000CEF200010860BFF34F8FBFF36F8F40F2B5
:108030000000C0F2F0004EF68851CEF20001086058
:10804000BFF34F8FBFF36F8F4FF00000E1EE100AC8
:108050004EF63C71CEF200010860062080F31488D1
:10806000BFF36F8F09F04AFB08F0F8FE4FF0553070
:108070001F491B4A91423CBF41F8040BFAE71D49D6
:10808000184A91423CBF41F8040BFAE71A491B4ACF
:108090001B4B9A423EBF51F8040B42F8040BF8E721
:1080A00000201849184A91423CBF41F8040BFAE7F6
:1080B00009F028FB09F023FB144C154DAC4203DA00
:1080C00054F8041B8847F9E704F080FF114C124D67
:1080D000AC4203DA54F8041B8847F9E709F010BBF7
:1080E00000040020000C00200000000808ED00E063
:1080F0000000002000040020606A0108000C00203D
:108100008013002080130020004C00200080000815
:1081100000800008008000080080000870E700F080
:1081200000F8FEE72DE9F04F2DED108AC1F80CD0D4
:10813000C3689D46BDEC108ABDE8F08F002383F331
:1081400011882846A047002009F08AFDFEE709F0C3
:10815000E3FC00DFFEE7000053B94AB9002908BF7D
:1081600000281CBF4FF0FF314FF0FF3000F00CB87B
:10817000ADF1080C6DE904CE0CF0BEFBDDF804E0B7
:10818000DDE9022304B07047704700BF034613F8CF
:10819000012B002AFBD1181A01387047000000009B
:1081A00001F0FF01102A2BDB10F0070F08D010F8A8
:1081B000013B013A8B422DD010F0070F42B3F6D1AC
:1081C000F0B441EA012141EA014122F007047FF0C5
:1081D00000070023F0E80256083C85EA010586EA1C
:1081E000010685FA47F5A3FA87F586FA47F6A5FA58
:1081F00087F68EB9EED1F0BC01F0FF0102F0070264
:1082000032B110F8013B013A83EA010313B1F8D10E
:108210000020704701387047002D06BF35460338EF
:10822000073815F0010F07D1013015F4807F02BF28
:10823000013015F4C03F0130F0BC0138704700BF79
:10824000034B1B78032B06BF024B187800207047A6
:10825000811300208213002008B530220448002139
:108260000CF036FE034A00231370034A137008BD56
:1082700094250020C4250020C525002037B50D4DCC
:108280000D4A019028781178441C04F00F0399429C
:108290001C4602BF013303F00F031370074B00EBC2
:1082A0004000032201A918440CF061FE01202C704B
:1082B00003B030BDC4250020C52500209425002032
:1082C00008B5084B01221A70FFF7C6FF00F0D6FA76
:1082D00001F0B6F801F030FF01F048FDBDE80840BC
:1082E00002F038B98113002038B504460D4601F07C
:1082F0009FFF50B9054B9B6813B12946204698470C
:10830000034B04221A70034B1C7038BD1C0C002058
:10831000811300208313002010B501F089FFA8B954
:1083200008F0F8F990B10A4C2378052B07D101F039
:10833000C9F820B9074B2078197801F02FFA064BBD
:1083400000215B68084698470523237010BD00BFD5
:1083500081130020831300201C0C002030B58BB04B
:10836000054601F065FF30B9144B1B78042B04D18E
:10837000134B1B781BB90BB030BD032B17D1114B1E
:108380001B69002BF7D000F0CDFA01230446082228
:1083900029460DF106008DF804300CF0E8FD01A827
:1083A00000F08AFA002CE6D000F0ECFAE3E7002BAC
:1083B000E1D00BB0BDE83040FFF7AEBF8113002025
:1083C000801300201C0C002030B58BB0054601F056
:1083D0002FFF30B9144B1B78042B04D1134B1B789F
:1083E0001BB90BB030BD032B17D1114B5B69002BB0
:1083F000F7D000F097FA02230446202229460DF117
:1084000006008DF804300CF0B2FD01A800F054FA1B
:10841000002CE6D000F0B6FAE3E7002BE1D00BB079
:10842000BDE83040FFF778BF8113002080130020A3
:108430001C0C002010B5044601F0FAFE78B9084B78
:108440001B78032B06D1074B1B6A43B12046BDE8BE
:10845000104018471BB1BDE81040FFF75DBF10BDCD
:10846000811300201C0C002070B504460D4601F05D
:10847000DFFE98B90A4E54B10A4B1A78A24202D1D3
:108480003278032A0AD01C70074B00221A70074B5F
:1084900029465B68204698470523337070BD00BFAE
:1084A0008113002083130020821300201C0C002065
:1084B000024BDB6803B11847704700BF1C0C00205B
:1084C000704770477047704770477047054B1B787F
:1084D000032B03D1044BDB691BB118470BB1FFF72A
:1084E0001BBF7047811300201C0C002010B5134BDC
:1084F0001B78032B8AB0044619D100F013FA60B13F
:1085000000F024FA48B10E4B9B690BB12046984706
:108510000AB0BDE8104000F011BA032301A88DF89D
:108520000430ADF8064000F0C7F90AB010BD002BCA
:10853000FBD00AB0BDE81040FFF7EEBE811300206B
:108540001C0C002010B5044601F072FEA0B923787F
:10855000032B07D16378A078BDE8104043EA0020E0
:10856000FFF7B4BF042B07D16378A078BDE81040B3
:1085700043EA0020FFF7BABF10BD000010B500208D
:1085800088B000F0C1FF00F079F903F0B3FA41F2CE
:10859000883009F06AFB174B174C93F90030002B19
:1085A00022DA2022002168460CF092FC63690DF16A
:1085B000010098474FF47A7009F057FBA369002037
:1085C00098474FF47A7009F050FB00230093ADF800
:1085D00004306846236A984747F2305009F045FB5B
:1085E000FFF766FF08B010BD0023CDE900336846F1
:1085F0002369DEE70A4800201C0C00202DE9F04723
:10860000774E784D96F800C02B7800279C4540F0B7
:10861000BE800FB185F800C0BDE8F0872B70724BAB
:10862000002220461A7002F033F8EBE72B706E4BF5
:1086300003202146187001F0B1F86C4B1C7003F058
:1086400059FA2046FFF73EFF01F0E8FD10B1012086
:1086500000F05AFF664B5C6A14B101F0B5FDA0470B
:1086600001F076FBCEE72B70604B1C705E4B042054
:108670002146187001F092F82046FFF721FFC1E76C
:108680002B705A4B1C70584B05202146187001F076
:1086900085F82046FFF715FFB4E702EB42020244DB
:1086A000514FDFF85C912B70002392F8028097F80D
:1086B00000A089F8003001F0DBFA10F0060F03D0BB
:1086C00099F8000001F0A4F90220BAF1030F387004
:1086D00012D101F03DFB2146062001F05FF800F0C9
:1086E000CDF8444B0027204641461F7001F0D2FFD1
:1086F000384600F009FF85E7214601F04FF8B8F150
:10870000000FECD001F0B4FA10F0060FE7D049F6F4
:10871000404000F0B6FEE2E7374A2B70137823F0B2
:1087200080031370354B01221A70FFF7CCFE69E706
:108730002B7003F007FF304B1880304B00221A706B
:10874000FFF7C2FE5EE7284F2B702D4B00241C70F4
:108750003B78033B012B3FF655AF06233B7001F0FE
:10876000F7FAFFF7B2FE3878214601F017F82046F5
:10877000BFE72B70224B1C7044E72B70214B00226B
:108780001A703FE720462B7000F0F0F83AE71E48D9
:108790001A4603EB43031C18C15C6478531C01396F
:1087A00003F00F0301270A293FF630AF0FF2040E42
:1087B0005EF821F01D8600086786000881860008A3
:1087C0002D8600089B86000819870008318700085D
:1087D000478700087B8700087387000885870008A3
:1087E000C4250020C525002081130020831300200C
:1087F0001C0C0020841300200A4800208013002055
:1088000082130020180C00209425002008B5084B86
:108810009B6A9847FFF7F2FE00F0B4F801F0D8F831
:1088200001F04EFF01F046FDBDE8084001F03CBB01
:108830001C0C0020014B1878704700BF81130020EA
:1088400038B505460C4601F013FA10F0060F0DD0AE
:1088500001F07EFA01F0E2FC40B1074B1B78032BDC
:1088600004D1637913B1012000F04EFE2146284661
:10887000BDE8384001F084BE8113002008B54FF4F4
:108880000852002107480CF023FB074A00231380FD
:10889000064A1380064A137007F03CFF054B186028
:1088A00008BD00BFEC250020EA250020C6250020D9
:1088B000841300208C13002038B50A4D0A4A2B88F7
:1088C00012885C1CE4B2A242014608D0074822226A
:1088D00002FB03000CF04BFB2C80012038BD002074
:1088E000FCE700BFEA250020C6250020EC2500207B
:1088F00038B5094D094B2C881B88A3420AD008497A
:10890000222202FB04110134E4B20CF030FB2C8073
:10891000012038BD0020FCE7C6250020EA25002004
:10892000EC250020034B1888034B1B88C31A5842C0
:1089300058417047EA250020C625002008B507F0F9
:10894000E9FE014B186008BD8C13002008B5054BEB
:10895000186807F021FF044B1B78984294BF002051
:10896000012008BD8C130020190C0020014B187049
:10897000704700BF190C0020014B1870704700BFF2
:108980008413002038B5FFF755FF03284AD1FFF7BD
:10899000C9FF18B1244B1B78002B43D0FFF7D6FF3B
:1089A00000283FD0204C23785BBB204D2846FFF7A2
:1089B0009FFF002836D02B78002B33D007F0AAFE7B
:1089C00002282FD91E23237007F0A4FE174C184B42
:1089D00018602378022B1DD1164B5B694BB1E01C4C
:1089E00098472378032B04D1124B9B690BB1608805
:1089F000984707F08FFE104B1860BDE8384001F033
:108A0000A7B90B4B186807F0C7FE02280AD92378CC
:108A1000013BD8E7012BE4D1064B1B69002BE8D0C2
:108A2000A01CDDE738BD00BF84130020C82500204E
:108A3000881300201C0C00208C13002070B5044605
:108A400060B91F48012210210AF072FD1C4B10254D
:108A50001E465D83642009F008F93583194B1B78A5
:108A6000FBB91948012220210AF062FD164B202192
:108A70001983184640F282220AF05AFD124840F249
:108A8000822240210AF054FD0F4840F282228021C8
:108A90000AF04EFD1CB1BDE8704009F031BC09F090
:108AA0002FFC0948012210210AF042FD064A07481E
:108AB00010231383BDE87040202202210AF038BD44
:108AC00000080240C84B00200000024000040240A1
:108AD00010B50E4C206807F05FFE40F6B8339842A0
:108AE00012D907F017FE2060094C4FF48013A361E0
:108AF0004FF47A7009F0B9F81023A36147F23050AF
:108B0000BDE8104009F0B1B810BD00BF98130020B7
:108B100000000240F0B591B006460C4617461D46CF
:108B20004022002168460CF0D3F92C4A15B913787D
:108B30000133137013780BB9012313703246A01957
:108B40000025904244D147F68462ADF80020AA2265
:108B50008DF80420A21C8DF80620C4F1FD028DF8CA
:108B600007203146224655370DF109008DF80830AF
:108B70008DF805700CF0FBF910AA04F1090352FA04
:108B800083F3174903F8405C04F10A0352FA83F3B4
:108B90002D0A03F8405C134D134B402228461A70EF
:108BA00009F0B8FB284609F0D4FB04F10B016A4632
:108BB000C9B2284609F00DFC6B681969DA6801230F
:108BC0008B409BB21383284609F0B5FB11B0F0BD72
:108BD00012F8011B29448DB2B3E700BF92130020A5
:108BE000785B0108C84B00204A0C002010B53F22DA
:108BF0000446002109480CF06BF9084A0748112384
:108C000002F8013C214608220CF0B1F9BDE8104001
:108C10000348002301220921FFF77CBF9D13002098
:108C20009C13002010B53F220446002109480CF097
:108C30004FF9084A0748122302F8013C2146142242
:108C40000CF095F9BDE810400348002301221521DE
:108C5000FFF760BF9D1300209C13002010B53D223C
:108C60000446002109480CF033F9084A132302F89E
:108C7000024C240A02F8033C02F8014CD01EBDE865
:108C80001040002301220721FFF744BF9F1300205B
:108C900010B5C4B204F17F03DBB2022B14D83E221C
:108CA00000210A480CF014F9084A142302F8023C87
:108CB000901E813C012202FA04F44470BDE8104089
:108CC00000230221FFF726BF10BD00BF9E13002026
:108CD00010B53F22044600210F480CF0F9F80E4869
:108CE000162300F8013C637800F80139A3788370FB
:108CF00043F3C013C370E378037143F3C0134371AC
:108D0000237983716379C3710023BDE810401A464B
:108D10000821FFF7FFBE00BF9D1300207FB5064668
:108D20000C463E2200211B481B4D0CF0D1F81B4A7B
:108D30006E7007CA01AB83E80700002C08BF1C4611
:108D400021232B706388AB706388A6681B0AEB70C5
:108D500023792B7163796B71A379AB71BEB1304606
:108D6000FFF714FA31460246E81D0CF000F9A0683E
:108D7000FFF70CFAC41DE4B2FFF7AAFE0648002371
:108D80000122214604B0BDE87040FFF7C3BE0724AE
:108D9000F2E700BF9E1300209C130020685B0108CF
:108DA00070B53C2206460C460C4800210CF090F8A9
:108DB0000A4A2223151F02F8024C240A02F8043C36
:108DC00002F8036C02F8014CFFF782FE28460023EC
:108DD000BDE8704001220421FFF79CBEA0130020D3
:108DE0003F2210B5104800210CF072F80E4A0F48CF
:108DF000232302F8013C0378022B02D00C4909F02E
:108E000089FA0A4809F0A5FA40F6B83008F02DFFB3
:108E100041F6583008F029FFBDE81040054800230E
:108E200001220221FFF776BE9D130020C84B0020CF
:108E3000785B01089C13002010B53E2204460021F7
:108E400008480CF045F8074A322302F8023C02F8C1
:108E5000014C0023901EBDE810401A460221FFF786
:108E600059BE00BF9E13002030B591B04022054688
:108E70000C46684600210CF02BF847F684730D4928
:108E8000ADF800300C4880238DF8033009F042FA29
:108E9000094809F05EFA211D2B466A46C9B2064808
:108EA00009F086FA044809F062FA034809F043FA27
:108EB00011B030BD785B0108C84B002010B53F22CF
:108EC000002108480CF004F8064AA42302F8013CEB
:108ED00010460023BDE810401A4601210138FFF773
:108EE00019BE00BF9D13002070B53D2205460C46FB
:108EF000094800210BF0ECFF074A252302F8033C48
:108F000002F8025C002302F8014CD01EBDE870405C
:108F10001A460321FFF7FEBD9F13002010B53E2225
:108F20000446002108480BF0D3FF074A332302F818
:108F3000023C02F8014C0023901EBDE810401A4686
:108F40000221FFF7E7BD00BF9E13002010B53F22AE
:108F50000446002109480BF0BBFF084A074841239B
:108F600002F8013C214616220CF001F80023BDE86E
:108F7000104003481A461721FFF7CCBD9D1300206F
:108F80009C13002070B50546FFF700F93F22044608
:108F900000210A480BF09CFF084A0848452302F8C4
:108FA000013C2946E2B20BF0E2FF611C0023BDE860
:108FB000704003481A46C9B2FFF7ACBD9D130020AC
:108FC0009C13002038B5002104463E220B480BF0CC
:108FD0007FFF0A4A7123951E02F8023C02F8014CF9
:108FE000FFF776FD00231A4602212846FFF792FD7F
:108FF00007F090FB024B186038BD00BF9E130020A5
:109000009413002010B53E220446002108480BF0BE
:109010005FFF074A722302F8023C02F8014C00236A
:10902000901EBDE810401A460221FFF773BD00BF35
:109030009E13002010B53E220446002108480BF084
:1090400047FF074A732302F8023C02F8014C002351
:10905000901EBDE810401A460321FFF75BBD00BF1C
:109060009E130020F0B589B0144606460D46202216
:10907000002168461F460BF02BFF4AF60323ADF88C
:10908000003057238DF802302246E34329460DF184
:1090900007008DF804308DF803408DF805708DF8C9
:1090A00006600BF064FF2021684607F0B7FE192C1C
:1090B00014D91F2200210DF101000BF009FF032339
:1090C00005F11901A4F119020DF101008DF800302C
:1090D0000BF04DFF2021684607F0A0FE09B0F0BD5F
:1090E0002DE9F043A94B1B6900259B0793B02E4641
:1090F00000F1F7804022294602A80BF0E9FEA44BBC
:1091000002A81978FFF7B0FE9DF80C30AA2B40F0AA
:1091100093809DF80D40542C08D19DF81030AB2B56
:1091200004D19DF81130552B00F0868000232707CD
:10913000ADF804308DF8063009D501238DF80430E0
:109140009DF80E308DF805300198FFF797F8E0078D
:109150002CD5FFF7B3FE9DF80E30203B062B1ED812
:10916000DFE803F004080A0CC2C4C60004238DF82B
:10917000043014E00223FAE70323F8E7854F386848
:1091800005238DF8043050B107F006FB40F6B733E5
:10919000984204D800233B6001238DF806309DF8E7
:1091A0000F308DF805300198FFF768F8A1070CD54E
:1091B00000238DF806300A238DF804309DF8103016
:1091C0008DF805300198FFF759F8E20629D59DF989
:1091D00014209DF81430002AADBFC3EB431203F0F6
:1091E0007F0340F2E24203EB8203B8BF13FB02F3BA
:1091F000B3F5FA5F4FF47A72B3FBF2F2A8BF032320
:1092000092B2A8BFB2FBF3F2634B8DF805201A802F
:1092100000238DF806300B238DF804300198FFF7FA
:109220002DF8630708D59DF811309DF81210012024
:1092300043EA012100F08EFF584F97F800C0BCF1BF
:10924000000F57D00DF112033122002002AC197823
:10925000AA29984603F1010310D1197857290DD195
:1092600093F801E093F802906FEA0E01C9B28945C4
:1092700001BFDE7808F1050460467546013A12F038
:10928000FF02E4D168B3464B3A701D70454B1E7027
:10929000434B19783B2924D8012300223B70881EB8
:1092A0001346824228DB6218D8B212F8025C85426B
:1092B00017D112F8012CB2EB132F12D12546394BDE
:1092C00015F8010B1B7800220339A328C9B2ADF8A9
:1092D00004208DF8062053D013D8A1281AD0A22834
:1092E00044D013B0BDE8F083062340E707233EE7F0
:1092F00008233CE702ACCBE7A55C2B449BB20132D0
:10930000CFE7B02828D0B428EBD163788DF80530AA
:109310000A2325E0A378142B0FD8102BE1D9E0788D
:1093200002280DD0032813D00028DAD1FFF724FB40
:10933000194B1878FFF71AFBD3E7162BD1D1EEE7BC
:109340000020FFF719FB144B18880530C0B2F1E775
:10935000114B18880A30F9E763788DF8053001233E
:109360008DF804300198FEF789FFBAE7E378002B07
:10937000B7D1A378722BB4D1284601F027FCB0E70F
:109380000A462946FFF76EFEABE700BF0004024025
:109390004A0C002094130020480C00201B0C0020D5
:1093A0001A0C0020901300202DE9F0410378AA2B1D
:1093B000044641D14378553B012B3DD8C278837890
:1093C000D243D2B2934237D11B2B35D8461D051D4F
:1093D0006FF0030000229F1E001B41198F4226DC04
:1093E0003344D1B213F8020C884225D113F8013C62
:1093F000B3EB122F20D1114B22791978914218BF6B
:109400001A70627902F0F00214BF00250125602A6B
:1094100012D1FFF75DFB6278A2F156014A422B465A
:109420004A413046F9B2BDE8F041FFF773BB15F889
:10943000011F0A4492B2D0E7BDE8F08191130020E9
:1094400008B51822002107480BF042FD012206480A
:109450004FF480510AF06CF8034A4FF48053538361
:1094600008BD00BFF04700200004024008B505F029
:10947000F9FC18B9BDE8084005F0EEBD08BD05F0DF
:10948000E1BC08B505F062FEBDE8084005F064BE29
:1094900008B505F0E7FC003818BF012008BD000042
:1094A00010B5074C08221821204603F033FE23781C
:1094B000032B03D8BDE8104004F03CBC10BD00BF36
:1094C00028480020044B1878044B5B7C1843003874
:1094D00018BF0120704700BFE4130020F0470020B0
:1094E00008B5084B00225A74FFF7DAFFFFF7D0FFE8
:1094F00018B1BDE80840FFF7B9BFBDE8084005F066
:10950000A1BC00BFF047002010B51E4C40B301F0D5
:1095100023F8236883420FD91B4A127812B92060BE
:1095200080B110BD03442360002BFAD0C01A47F26B
:109530003053984202D8F4E7002BF7D1124B1B7836
:10954000002BEED107F0E6F8104B186001F004F89C
:109550000D4B206001221A70BDE81040FFF786BF56
:10956000094B206018700A4B4FF480525A83FFF762
:1095700097FF05F077FC0028D3D1BDE8104005F037
:1095800061BC00BFE0130020E4130020E8130020BA
:109590000004024010B500F06BFB012803D1084B1A
:1095A0001B78052B0BD006F0A5FE830707D5FF23FC
:1095B000BDE810401A4619462C2004F0EBBB10BD44
:1095C0005C4B002070B500F053FB10F0060F6CD020
:1095D00000F02EFE044630B100221146104604F081
:1095E000E3FB012070BD00F019FE20B122462146A8
:1095F000204604F0D9FB2E4B1B781BB103F00F0261
:10960000052A20D900F0E4FE08B100F0E9FE294D5A
:109610006A7C002A49D02B7C02F00F04E3B10022BF
:109620001146104604F0C0FB6B7C03F010021B06D1
:1096300032D532B30023FF221946122027E000233F
:109640001A46194604E01A06F9D500231A46FF21E6
:109650004A2004F09FFBD5E7174E3178A142E3D0B2
:1096600012F0100206D01A461946122004F092FB9E
:109670003470D9E711482044134610F8010C114604
:10968000F4E70E48FF232044114610F8010C04F0C3
:1096900081FB04F092FCA4E712B100231A46CBE749
:1096A0000648134620441146EFE7FFF773FFF0E743
:1096B000E4130020F04700204B0C0020905B0108D1
:1096C00010B50378324A334C052B18BF137012784B
:1096D000637C042A04D8DFE802F01B031128400051
:1096E0002D4B00221A80637C03F01F036374FFF785
:1096F00069FF0023637400F02BFB09E043B162694A
:10970000002AF0D163F07F036374E36803B16361FF
:10971000637C002B3AD1FFF7C3FE05F0A3FB0028C2
:1097200034D1BDE8104005F08DBB002BF0D061694D
:10973000A288E06861B943F080036374164B1A8015
:1097400008B18142CFD8002ACDD00A446261DFE758
:10975000821A03F01F0392B2EFE7002BD8D01A064B
:109760004CBF03F01F0363F07F030B4A4BBF6374CE
:1097700063742389A3881380E26812B161698A4205
:10978000B1D3002BAFD062691A44DFE710BD00BF30
:10979000F0130020F0470020F21300202DE9F843D9
:1097A00005460C4600F064FA012811D04D4B182CE8
:1097B0001A7808BF1124A2420CD0022D0AD01C70C6
:1097C000012249490B78AB4206D12AB9052D07D0B1
:1097D000BDE8F8830022F4E7062B01D1022DF7D073
:1097E000424F0D703B7006F095FF414BDFF81C8136
:1097F0001860FFF73BFE05F0AFFCAB1E042B18D83A
:10980000DFE803F0032443555D003A4EDFF8F8909B
:109810000FCE4C460FC496E8030084E80300484688
:10982000FFF74EFF00F004FD30B14FF47A70FFF700
:1098300028FE88F80050CBE73B78032BF5D0D9F809
:109840000C30002B38D049F640401AE098F8003030
:10985000DFF8B490032B0CD0274F0FCF4E460FC626
:1098600097E8030086E80300484689F81140FFF7AF
:1098700027FFD9F80C30FBB1204A10884FF47A72D8
:109880005043984238BF1846D1E7DFF87C901C4F10
:109890004E460FCF0FC697E8030064F07F0486E8BA
:1098A0000300484689F81140FFF70AFFC7E7DFF8D1
:1098B0005890144F4E46ECE74FF0FF30B7E70D4E8F
:1098C000114C0FCE0FC496E8030084E80300A4F106
:1098D0001000FFF7F5FE01F009F90028A5D040F6C9
:1098E000B830A4E7DE130020DD130020DC130020D5
:1098F000EC130020945B0108C45B0108160C0020E7
:10990000DC5B0108AC5B0108F0470020F413002089
:1099100008B500F0ADF9012803D1034B1B78052BE6
:1099200001D0FFF737FE08BD5C4B002008B506F0FC
:10993000E1FC80F00200C0F3400008BD70B5214C8E
:109940002378002B3DD003F00F03052B09D91E4BC4
:109950004FF480525A8300232370BDE8704000F01A
:10996000F7B91A4E306806F017FFB0F57A7F237802
:1099700023D913F0800F144D18D003F07F03013367
:1099800023704FF480536B8306F0C4FE237830605D
:1099900003F00F03052B14D94FF480536B83FFF7AB
:1099A000C5FF70B1BDE8704005F04CBA63F07F03AD
:1099B00023704FF480532B83E6E703F00F03052B4E
:1099C000C5D870BDE413002000040240E813002055
:1099D00010B500F099FD0A4B5B7C6BB1094C206817
:1099E00006F0DAFE084B1B88984205D30748FFF7BC
:1099F00067FE06F08FFE2060BDE81040FFF79EBFB7
:109A0000F0470020EC130020F2130020F013002098
:109A100038B5054601F045FD0446F0B1284601F091
:109A200042FD05F01FFA88B905F0B6FB0022114689
:109A3000104604F0B9F9FFF7ADFD094BDB68984714
:109A4000FFF774FF48B105F09BFB06E005F00AFA4A
:109A500018B105F087FB0028E6D1204638BD00BFCD
:109A6000A0630108704708B500F03EFEFEF7CEFE89
:109A7000FFF7F8FF00F0FCF8012801D100F0FEF834
:109A8000012008BD37B50446B8B11548154D06F09C
:109A90001DFCFEF70DFD06F03DFE0446204606F0D7
:109AA0007BFE312806D900211E2003B0BDE83040DE
:109AB000FEF7DABCAB6A9847F0E7FFF711FDFEF757
:109AC000B9FE032809D1084B1B78022B05D1044BA2
:109AD00000945B6801946846984703B030BD00BFAE
:109AE000000C00201C0C0020F513002037B50446A4
:109AF000B8B11548154D06F0E9FBFEF7D9FC06F0A4
:109B000009FE0446204606F047FE312806D900210A
:109B1000182003B0BDE83040FEF7A6BCAB6A9847FA
:109B2000F0E7FFF7DDFCFEF785FE032809D1084BBF
:109B30001B78042B05D1044B00945B6801946846A4
:109B4000984703B030BD00BF000C00201C0C002063
:109B5000F513002007B5034650B106F0BDFB0B4BD3
:109B600083420FD0184603B05DF804EB06F0AEBB9D
:109B7000074A1278042A05D100930193034B6846E3
:109B80005B68984703B05DF804FB00BF340E00200B
:109B90005C4B002070B5334D2B78834204465FD078
:109BA000012B3FD101F0A6FF022C2C703FD0042CDA
:109BB0004CD0012C10D12046FFF7CCFF0020FFF73E
:109BC00061FF4FF4FA7008F050F80020FFF78EFFA5
:109BD000FEF76EFC00F0D6F8FFF732FC302383F37B
:109BE000118808F082F90023054683F311881E4E80
:109BF00008F07BF93446401B4FF47A7C0021E0FBEF
:109C00000C411A4A00232046FEF7A6FA6328EFD932
:109C100005F0E6F84FF0FF3005F098FABDE8704027
:109C200005F09ABAFEF706FE0328BDD1BAE7002078
:109C3000FFF75CFF642008F018F80120FFF722FF0F
:109C40000020FFF787FF00F083F8C5E70020FFF74B
:109C500019FF642008F009F80120FFF747FFEFE73C
:109C600070BD00BFF51300209F860100A086010093
:109C7000014B1878704700BFF513002038B5214C10
:109C80002378052B3DD1204D2378052B07D002F0FA
:109C9000BFFB06F075F9BDE8384007F005B800F0E5
:109CA00023FD2B78012B03D0BDE8384001F0DBBB4E
:109CB00006F0FCFC06F0E1FCF0B1204608F046FCA2
:109CC00047F2305007F0D1FFCF2006F06DF806F0D4
:109CD00057F94FF47A7007F0C8FFD02006F064F807
:109CE00006F04EF94FF47A7007F0BFFFD02006F06F
:109CF000BBF806F045F9C7E705F0B8FD0028DCD150
:109D0000C2E738BD5C4B0020F513002070B50F4D45
:109D10001024012655F8040B431C12D000F00F014B
:109D2000012206FA01F120F00F0009F001FC55F8BC
:109D3000043C23F00F0203F00F0306FA03F39BB277
:109D40005383013C14F0FF04E4D170BD4C0C00209F
:109D500008B5044B00221A7006F0DCFC024B1860B8
:109D600008BD00BF021400200414002008B50448F8
:109D70002022012109F0DCFBBDE80840FFF7E8BF25
:109D800000040240024A00231370024A1360704725
:109D90000214002004140020024B1869C04300F094
:109DA000010070470004024001282DE9F0410446FB
:109DB0006AD8204600F05EF90646002868D036488A
:109DC00008F039FB302585F311883448022201213F
:109DD00009F01AFC002484F3118885F311882F48B8
:109DE0000322214609F010FC84F3118885F31188C1
:109DF0002B4803220A2109F007FC84F3118885F31C
:109E0000118827480322092109F0FEFB84F31188F9
:109E1000244FA04657F8043B01330CD085F311883A
:109E200057F8040C032200F00F0120F00F0009F096
:109E3000EBFB88F311880134E4B2062CEAD1FFF77A
:109E400065FF17484022202109F072FB402211468D
:109E5000134809F06DFB12484022802109F068FB8D
:109E60000F4840224FF4805109F062FB0C48402219
:109E70004FF4006109F05CFB09484022082109F019
:109E800057FB00F061F904E0FFF786FF002890D04F
:109E900000263046BDE8F0815C4B00200004024003
:109EA000000002408C0C0020F8B5694C26784EB9B1
:109EB000684D286806F070FCB0F57A7F82BF0123F8
:109EC00023702E60FFF768FF40B1634D2B78012BA4
:109ED00004D106F0D7FE284606F042FFFFF7C8FE81
:109EE000022840F0A4802378002B00F0A580FFF723
:109EF000E9FA002840F0A08001F084F9002800F081
:109F00009B8004F0AFFF002840F0978053495448ED
:109F10000C220AF0CDFF002840F08E800220FFF7CF
:109F200043FF002800F08880022000F0D3F84D485D
:109F300040F21A524FF4006109F0FAFA494840F22F
:109F40001A524FF4805109F0F3FA464840F2822247
:109F5000202109F0EDFA434840F28222402109F025
:109F6000E7FA404840F28222802109F0E1FA07F046
:109F7000A7FF05F07FFD00F0C9FC3B4B1B680BB150
:109F80000120984700F0D8F80024384D30262746A5
:109F900055F8043B01330BD086F3118855F8040CB7
:109FA00000F00F0120F00F0009F060FB87F311882B
:109FB0000134E4B2062CEBD1302585F311882C480E
:109FC000012109F053FB002484F3118885F31188E3
:109FD00024480A2109F04AFB84F3118885F311888B
:109FE0002048092109F042FB84F3118885F3118888
:109FF0001F48214609F03AFB84F31188FFF7CCFE95
:10A0000020B106F03FFE144806F0AAFE02F02AFF37
:10A0100002F0C8FE03F020FE012005F00DFDFFF761
:10A0200097FEFEF72BFC002000F024F804E0FFF779
:10A030001FFE04283FF457AFF8BD04F013FF0028BB
:10A04000FAD005F0B5F800287FF460AFF4E700BF60
:10A0500002140020041400205C4B0020F6130020A2
:10A0600018480020000002401C0C00208C0C00202E
:10A07000000402400228144903460BD003281AD0DA
:10A08000012815D10A78EAB91048026922F00402C1
:10A0900002610DE00A78AAB90C48026942F0040294
:10A0A00002610B48026842F4606242F00102026001
:10A0B00001200B7070470A7822B90448026942F007
:10A0C0000402E5E70020F4E70814002000ED00E0BA
:10A0D0000070004038B5144B9A6822F003029A6071
:10A0E0009A6812F00C0FFBD11A6822F480321A60C1
:10A0F0000D4A13689B03FCD40C484022012109F04F
:10A1000017FA0A484022022109F012FA30BF084A21
:10A11000084C1369102523F004031361658308F0CC
:10A1200017FE258338BD00BF00380240001C0240E6
:10A1300000ED00E000000240024820224FF40051F0
:10A1400009F0F6B900040240704702210520FEF72D
:10A15000CBBE000010B548B340F2234303FB01F42B
:10A1600040F2F313B4FBF3F4A4B204F07BFED0B1DD
:10A17000002212491346013211F8010BD2B2C02A53
:10A180000344F8D10E490022013211F8010FD2B276
:10A19000C02A0344F8D13C2253434FF20D22B3FBB3
:10A1A000F2F323449CB2074B1C8010BD40F6E443FD
:10A1B00003FB01F4A40A6400D6E700BFB148002005
:10A1C00070490020A40C0020134B1B8841F20402AC
:10A1D00093421DD840F6AC5293420CD950225343BF
:10A1E000A3F58823A3F5B8634FF41672B3FBF2F01E
:10A1F0001430C0B2704740F6E44293420AD91422A8
:10A2000002FB03F0C823B0FBF3F0A0F5A570F0E764
:10A210006420704700207047A40C0020034B18787E
:10A220000A2894BF00200120704700BF0B140020B3
:10A23000034B1878142894BF00200120704700BFFA
:10A240000A14002008B50B4B1A8840F6AB539A420B
:10A250000ED8094A13780A2B0AD80133DBB20B2B2C
:10A26000137005D10120FFF74FF9044B0F221A702C
:10A2700008BD00BFA40C00200B140020091400200E
:10A280000A490B4A0888137840F6E341884208D807
:10A29000142B0AD80133DBB2152B137005D1FEF74E
:10A2A0006DB9142B9CBF002313707047A40C0020C1
:10A2B0000A14002070B52A4E306800F05BF904469D
:10A2C000FFF7D6FC10F0060F38D0FEF7B3FA0328DC
:10A2D000244D02D02B780E2B30D8FFF75DFD58B1FE
:10A2E00040F6B8339C4207D91F4B1B699B0454BFEF
:10A2F00001200220FEF712FE2B780E2B12D8FFF75A
:10A30000C7F878B9C82C19D9FFF79CFFFFF7B8FF39
:10A3100000F022F9154B984208D90023336000F071
:10A320000BF904E040F6B8339C42ECE73060FFF7ED
:10A330000CFF2B780E2B9CBF01332B700C4D0D4C5A
:10A340002B782278134309D0FFF726FD30B1002087
:10A3500028702070BDE87040FFF7D6B870BD00BF10
:10A360000C1400200914002000040240005C2605A3
:10A370000B1400200A14002010B50446FFF776F8ED
:10A380000B4B01221A700B4B1C7006F0C3F90A4BE1
:10A3900018600A4B00221A70094B96221A60094A6B
:10A3A000FF231370084A1370084A137010BD00BFD2
:10A3B00020140020191400201C1400201814002060
:10A3C0001414002010140020111400201214002076
:10A3D000024B1878003818BF012070472014002065
:10A3E0002DE9FF4117490A2201A80AF0C0FD002407
:10A3F000002320461A461946013403F0CBFC522CA8
:10A40000F6D1114B1B7803F0FD03012B0CD10F4E3D
:10A410000F4FDFF8448001AC00250A223378B3FBEC
:10A42000F2F3EAB2934202D804B0BDE8F0810949E0
:10A430003B7898F80020097814F8010B03F0AAFC87
:10A440000135EAE7F45B010820140020181400200D
:10A4500010140020121400201114002010B5214AFD
:10A460001378022B16D0032B2CD0012B07D11E49B9
:10A470001E480B780078984206D90A330B7006F014
:10A4800049F91B4B186010BD0BB90A230B7002234E
:10A490001370F4E7154B17491B78174C1D2B174BFE
:10A4A0000AD8FF200870002119702170144B40F663
:10A4B000B83119600323EBE700200870FF212070FA
:10A4C0001970F3E700231370FEF7EAFF0D4B5B7C76
:10A4D00023B904F0C7FC08B9FEF7D1FFFFF738FC39
:10A4E000CDE700BF2014002018140020191400200C
:10A4F0001C1400201214002010140020111400203D
:10A5000014140020F047002008B5084B1B785BB1FD
:10A51000074B186806F040F9064B1B68984203D9B0
:10A52000BDE80840FFF79ABF08BD00BF2014002017
:10A530001C1400201414002007B5002304486946A9
:10A54000CDE9003307F0D8FE03B05DF804FB00BF8F
:10A55000BC4B0020FFF7F0BF07B50548694607F080
:10A56000CDFE019820F0784003B05DF804FB00BFF9
:10A57000BC4B002010B50446FFF7EEFF001B10BDDA
:10A5800038B547F60E63984204460D4631D006D8DA
:10A59000A0F5FC430B3B022B13D9012038BD47F635
:10A5A0000F639842F9D1FFF763FB10F0060FF4D068
:10A5B000FFF7F2FB0028F0D1FFF706FEFFF7DCFE05
:10A5C000EBE7FFF755FB0228E7D16B795BB1104D44
:10A5D0000A3C2C7006F09EF80E4B0021186028787B
:10A5E000FDF742FFD9E70A4A00231370094A1360B6
:10A5F000D3E7FFF73DFB0428CFD16B79002BF2D0D6
:10A60000034B18221A7006F085F8024B1860C4E755
:10A61000281400202C1400207FB51B48FEF7B2FC44
:10A620004FF4967007F021FB002111220DF1050077
:10A630000AF04EFC154A02238DF800301388127878
:10A640008DF801201B0A8DF802306FF04B038DF856
:10A65000033000238DF804300523ADF806305A236B
:10A660008DF8083001238DF80B3043F23443ADF8F8
:10A670000C30684640F61313ADF80E30FEF766FC5A
:10A6800007B05DF804FB00BFFF5B0108140C00205D
:10A69000FFF7C2BF10B5094C237873B106F03AF842
:10A6A000B0F57A7F09D2FFF7B7FFFFF7E1FA02288A
:10A6B00001D1FDF731FE0023237010BDA60C002050
:10A6C00010B5084C206858B106F066F8B0F5FA6F7E
:10A6D00006D9002121600846BDE81040FDF704BE00
:10A6E00010BD00BF2C14002038B5284C2068E8B9F4
:10A6F000274A136911691B0AC1F3802103F0020381
:10A700000B432449087883420CD0136912691B0A51
:10A71000C2F3802203F0020313430B7005F0FAFF2B
:10A72000206018B9FFF7A4FA20B138BD06F034F85C
:10A730006428F7D9164A17481369116905781B0A66
:10A7400003F00203C1F380210B43AB4210D100227E
:10A75000022B226008D0032B08D0012BE5D1022068
:10A76000BDE83840FFF716BA0420F9E70120F7E703
:10A77000136912691B0AC2F3802203F00203134318
:10A78000037005F0C7FF2060CFE700BF241400204E
:10A7900000000240211400200120704738B5044613
:10A7A0000D46FEF74DF808B9002038BD2946204671
:10A7B00000F0E4F80028F7D029462046FFF7ECFF28
:10A7C000F3E708B5FEF7FEFE00F062F9012008BDD0
:10A7D00008B5FFF748F900F091F900F07DF800F0B6
:10A7E000F9FC08BD38B504460D4600F019FD28B146
:10A7F00029462046BDE83840FFF7D0BF38BD10B528
:10A8000003F0DBFB044608B1FFF7DBFF204610BD79
:10A81000FFF7DEBFC0B205F0E3B80000A0F5FC43CF
:10A8200070B50A2B4DD8DFE803F013131313060C91
:10A830002A2A2A2A17004B79C1202BB100F090FE5A
:10A8400004E04B79C220F8E700F0D2FE002070BD92
:10A850001D4BC05C4B79F0E74B79002BF6D01B4BBE
:10A860001A783AB90122E3201A7000F079FE2C2000
:10A8700000F076FE05F04EFF154B1860E6E74D79C7
:10A88000144CA0F5FC400638ADB914F8206004EB78
:10A890008004EBB29E42D9D923440135587800F0A8
:10A8A000A7FEF6E723440135587800F059FEEBB2D5
:10A8B0009E42F7D8CAE714F82060002504EB800414
:10A8C000F5E70120C3E700BFB5DF0008341400201E
:10A8D00030140020A55D010838B50A4D2B787BB1F6
:10A8E000094C206805F058FFB0F5FA7F08D9E3203D
:10A8F00000F07EFE2C2000F07BFE00232B702360F6
:10A9000038BD00BF341400203014002038B5302585
:10A9100085F31188114803220F2108F075FE0024E9
:10A9200084F3118885F311880C4803220E2108F066
:10A930006BFE84F3118885F3118809490948224682
:10A9400007F0C6FC84F3118885F311880449064892
:10A95000224607F0BDFC84F3118838BD0004024094
:10A9600015A800080F0402400E04024008B505F0C7
:10A97000D1FE014B186008BD401400204D2810B5D1
:10A980006CD007D81D2844D04A2867D00D2824D081
:10A99000012010BD20F0020345F2212293420ED087
:10A9A0004F28F5D14A79002A50D0354A1378002B28
:10A9B00042D00133DBB2042B88BF012305E0314ACA
:10A9C0004979137819B143F001031370E0E723F0DC
:10A9D000010313702C4B1960DAE72A4C4A7923786B
:10A9E0005AB143F00203072B237001D1FFF7BEFFDA
:10A9F0002078C04300F00100CBE723F0020323706E
:10AA0000214B1A60214A13789807C1D523F002031D
:10AA1000DBE71C4C4A79237812B143F00403E2E7E8
:10AA200023F004032370184B1A60184A137859074F
:10AA3000AED523F00403C8E7124A137843F00803A5
:10AA4000192B1370A4D1FFF791FFA1E70D490B78E3
:10AA500023F008030B700C4B1A6099E74A7952B146
:10AA6000074B1A7812B100221A7091E7054A137841
:10AA700043F01003E4E703490B7823F01003E9E700
:10AA80003C1400203D140020401400203514002008
:10AA900008B5144B1878144B50B1C043002240F352
:10AAA00000001A701146C0B203F07EF9002008BD04
:10AAB0001B78ABB1013B032BF8D8DFE803F00206AB
:10AAC0000A0DFF2211461046EEE700221146FF2034
:10AAD000EAE70022FF21F6E70021FF220846E3E72C
:10AAE0000120E4E7371400203C140020024B1868D2
:10AAF000003818BF012070473814002070B52B4D66
:10AB00002B4C286888B305F047FE40F6B8339842CE
:10AB10002BD900262E60274D2B78072B36D105F038
:10AB2000F9FD254A2060137801331370234B1E7002
:10AB300000F0E0FF224B1E8801F066FD01F002FDEF
:10AB4000204B1880304601F026F804F08BF908B944
:10AB500004F09CFA04F044F941F2883007F085F8DB
:10AB60000020FEF72FFA00232B70206860B105F05B
:10AB700013FEFA2808D9104B1A78511C062A1970AE
:10AB80000FD900221A702260012070BD192BEAD162
:10AB900004F068F908B904F079FA0B4B01221A7035
:10ABA000E1E705F0B7FD2060EEE700BF40140020AC
:10ABB000381400203D1400203714002035140020E4
:10ABC000C81400200A4800203C14002030B589B089
:10ABD00004460D462022002168460AF079F9AB238D
:10ABE0002A4621460DF101008DF800300AF0BFF928
:10ABF00069460122002311F8010F0132D2B2034449
:10AC00001D2A9BB2F7D120216846ADF81E3006F010
:10AC100005F909B030BD000010B50378AB2B88B042
:10AC200022D1024600F11C01002312F8014F2344F7
:10AC30008A429BB2F9D1817FDAB2914214D1C27FAC
:10AC4000B2EB132F10D14378013B082B0CD8DFE86F
:10AC500003F0050D0B142A0B3C4468003D4B827831
:10AC60001A703D4B00221A6008B010BD83783B4A31
:10AC7000003B18BF01231370F6E78378A12B07D0A0
:10AC8000A22BF1D1C178364B102251B11A83EBE7D8
:10AC9000C078003818BF012008B0BDE81040FEF7AA
:10ACA000B1B95A83E0E705238DF80030FEF7E0FFE5
:10ACB0002C4B8DF801001B6903F001038DF8023065
:10ACC00003216846FFF782FFCEE780784E28CBD875
:10ACD00008B0BDE81040FEF7ADB947F20863102296
:10ACE0000DF102010120ADF800302E2409F09FFF84
:10ACF000102201A900208DF8034009F098FF1022CE
:10AD00000DF1060100208DF8054009F090FF16496D
:10AD10002023142202A88DF807300AF028F91C21FC
:10AD2000CFE740F609431149ADF8003004220DF198
:10AD300002000AF01CF90E4904220DF106000AF087
:10AD400016F90C4904220DF10A000AF010F90E213F
:10AD5000B7E700BF3C140020401400203614002048
:10AD600000000240000402400F5C0108107AFF1F3F
:10AD7000207AFF1F307AFF1F084B1B7807B54BB1B5
:10AD80004FF481738DF8061001A80321ADF804304B
:10AD9000FFF71CFF012003B05DF804FB3614002010
:10ADA00038B509220023012504468370C57002715D
:10ADB000044905300AF0DBF80223A373E573257418
:10ADC00038BD00BF235C010838B54378032B044627
:10ADD00004D0042B0DD0FF23037007E0094D01229E
:10ADE0002521284602F096F92B78E3700023A37002
:10ADF00038BD0448A37803700122252102F042F9EE
:10AE0000F4E700BF4414002008B505F083FCC0F34C
:10AE1000802383F001035B42C0F388005840C043A5
:10AE2000C0B208BD10B50446052942D8DFE801F0DC
:10AE3000310B03183B2600236422FF212046BDE886
:10AE4000104002F0A7BFFFF7DFFFAA2110FB01F1BE
:10AE5000C0EB0023C1F30721C3F307230022EDE772
:10AE600005F058FC4FF4FA73B0FBF3F3DB4313F037
:10AE700001031BD0FF233C220021DFE705F04AFC41
:10AE8000FA23B0FBF3F1C94341F30001C9B2002337
:10AE9000E4E772B9FFF7B8FF00EB4000C0F3071119
:10AEA0000B460A46CAE73C23FF22E5E71A46194645
:10AEB000C4E710BD014B1878704700BF8214002012
:10AEC00030B50C4B1B7889B005460C4683B1002188
:10AED0001D220DF1030009F0FBFF812320216846AC
:10AEE0008DF800308DF801508DF8024005F096FF86
:10AEF00009B030BD8214002070B5037888B00446D4
:10AF00000D46042B55D8DFE803F0031622434A0010
:10AF100000211F220DF1010009F0DAFF80238DF8D6
:10AF20000030202140F601436846ADF8023005F0BC
:10AF300075FF08B070BD5B4B42781A7000235A4A07
:10AF4000194602F8231001330C2BFAD1F1E74278AD
:10AF500085782179C078FF2A0CD1534B0022012437
:10AF600001320C2A1C705D709870D97003F10403D3
:10AF7000F6D1DEE7013AD3B20B2BDAD84A4B0124E3
:10AF800003F8224003EB82035D709870D970D0E71C
:10AF90004378464A003B18BF01231370C9E7427843
:10AFA000531E0B2BC5D8424B1344827803F8012C57
:10AFB000BFE7A03B0B2BBCD801A252F823F000BF87
:10AFC000F1AF000809B0000843B000084DB0000818
:10AFD00033AF000833AF000833AF000859B00008A2
:10AFE00033AF000833AF000891B000089BB00008F1
:10AFF0000223002243708270C3702946204608B0A5
:10B00000BDE8704005F00ABF76234370811C2E26F0
:10B010001022012009F00BFE211DE67010220020F5
:10B0200009F005FEA11D66711022012009F0FFFD47
:10B0300020232049E371142204F1080009F097FF4E
:10B04000DBE70023437007238370D6E71A4B188889
:10B0500000F013FA6070D0E74378022B15D006D8C1
:10B06000012B0AD0FF23237000236370C5E7033B45
:10B07000012BF7D8FFF7A8FEBFE700238370022259
:10B0800003711323C2704371B7E7FFF789FEB4E77A
:10B0900008B0BDE87040FEF787B908B0BDE8704061
:10B0A000FFF7BABD8114002045140020821400204F
:10B0B000751400200F5C0108C8140020014B002209
:10B0C0001A707047821400202DE9F0410F460646A1
:10B0D00028B921B1134B01221978FFF7A3FE124CB6
:10B0E000DFF848800F25E8B2864209D8874207D9A1
:10B0F00022787AB1E378A2786178284602F04AFE95
:10B1000001351B2D04F1040408F10108EBD10120E5
:10B11000BDE8F08198F80010FF29F1D0FFF782FE1A
:10B12000EEE700BF811400204514002075140020B4
:10B1300008B50C22FF21084809F0CAFE0023074980
:10B140001A4601F8232001330C2BFAD1044B1A7054
:10B15000044B1A7008BD00BF751400204514002070
:10B16000811400208214002038B50D46044628B909
:10B1700000290CBF0420012000F00DFD29462046C7
:10B18000FFF7FAFD012038BD08B50F4800224FF443
:10B19000806108F0CDF94FF400710B48002208F0EF
:10B1A000C7F90A4B4FF480521A830020FDF746FC82
:10B1B000FDF786F805F0AEFA054B1860FFF7A6FB21
:10B1C000BDE80840FFF7B4BF0000024000040240A1
:10B1D0008414002010B5094C206860B105F0DCFA39
:10B1E00040F6B8339842064B4FF4805285BF002199
:10B1F00021601A835A83012010BD00BF84140020EF
:10B200000004024008B5054B1B682BB9FFF76EFC24
:10B2100080F00100C0B208BD0020FCE784140020CB
:10B2200038B5A0F5FC43103B0D46102B17D8DFE8CE
:10B2300003F0131313131313131313131313091E10
:10B240001C1A20000024FFF735FE18B1697920464A
:10B25000FFF736FE002038BD0C38C4B2F3E7BDE876
:10B260003840FFF7DBBA0324EDE70224EBE70124C3
:10B27000E9E71024E7E7000004280CD805290AD8DC
:10B280000F2A08D8062303FB001102EB0112034B1F
:10B2900033F8120070470120704700BF125F0108A9
:10B2A000FFF7EABF042808D839B982F00102044B3D
:10B2B00002EB400033F8100070470120704700BFD8
:10B2C000FE5E0108FFF7EEBF0120704708B5FFF7EB
:10B2D000FBFF08BD01207047704708B5FFF7FCFF72
:10B2E00008BD000013B502AB03E903000F4B1B7848
:10B2F000B3B99DF8053073B16AB100F023FD04467F
:10B300000146009800F0E2FC0099204602B0BDE83A
:10B31000104001F04DBB009800F0F8FC0446F3E744
:10B32000009800F00FFD0099F0E700BF9014002096
:10B33000034610B400885C880A4640EA04409988B5
:10B340005DF8044BFFF7CEBF10B501210446FFF7AF
:10B35000EFFF2146FFF7BAFF10BD10B500210446EC
:10B36000FFF7E6FF2146FFF7B8FF10BD0120704749
:10B3700008B5FFF7FBFF08BD10B5044600F0BAFBA7
:10B380002046FFF7F5FFBDE8104046F2A81006F092
:10B390006CBC08B50120FFF7EFFFBDE8084005F0E1
:10B3A0002DBA08B50020FFF7E7FFBDE8084005F01B
:10B3B0002ABA38B501210546FFF7BAFF29460446E7
:10B3C000FFF710FAB0B32946204604F031FF88B3E6
:10B3D0002946204604F082FB60B32946204604F04B
:10B3E00057FB38B32946204604F070F910B36B7947
:10B3F0007BB147F65A439C4223D00ED847F601430F
:10B400009C421BD047F603439C4215D0B4F5F84F3D
:10B410000ED02846FFF75EFF0DE047F65B439C42E7
:10B4200012D047F65C439C42F3D101F05FF8F0E79D
:10B43000FFF7AFFF002038BD01F06AF8FFF7B1FF5A
:10B44000F8E701F05FF8E4E701F05FF8E1E708B53D
:10B4500005F00AF903F0DAFE00F02FF8BDE8084025
:10B46000012003F067BF08B500F02CF8002003F0BE
:10B4700061FFBDE8084005F0FCB8030A0ABF0346B7
:10B48000082000201A091EBF04301346C0B29A08D3
:10B490001EBF0230C0B2134600EB5300C0B270476B
:10B4A0007047012070477047704710B50446FFF79A
:10B4B000F7FF2046FEF7ACFA10BD08B50020FFF7F5
:10B4C000F4FF08BD08B504F00DFFFFF7EEFF08BD5F
:10B4D00010B504F007FF074B1A788242044607D0E4
:10B4E000187005F017F9044B18602046FFF7DDFFD0
:10B4F00010BD00BF881400208C1400201FB5CDE9BA
:10B5000000019DF805306C460BB100F0FBFE0023F6
:10B51000ADF80E3094E80300ADF80C10C9B20290FB
:10B5200002AC29B994E8030000F006FE04B010BD97
:10B530002046FFF709FF0028F4D1F7E70379012B34
:10B5400002D1008800F020BC704708B529B104F092
:10B550002BFCBDE8084004F013BD04F085FCF8E7BF
:10B5600010B50446002840D0031FDBB2A02B0ED834
:10B5700004F01CFF20B1204604F0DAFF00F048FF81
:10B58000204604F0BDFFBDE8104000F041BF00F1CF
:10B590002003DBB2072B07D800F007040120A040EE
:10B5A000C0B200F063FEEEE700F15B03DBB2022BFA
:10B5B00005D82438BDE8104080B204F0BBBE00F1CD
:10B5C0005803DBB21A2B06D8084ABDE8104032F8FF
:10B5D000130004F0C7BE3334E4B2122C05D804F0D3
:10B5E000E3FBBDE8104004F0CBBC10BDD262010803
:10B5F00008B50346A0B3021FD2B2A02A05D804F0B2
:10B6000097FFBDE8084000F003BF00F12002D2B26E
:10B61000072A07D800F0070301209840C0B200F0C5
:10B6200033FEEEE700F15B02D2B2022A04D8BDE895
:10B630000840002004F07EBE00F15802D2B21A2A5F
:10B6400004D8BDE80840002004F08CBE3333DBB2E0
:10B65000122B05D804F008FCBDE8084004F090BCAB
:10B6600008BD38B505460C46FFF77AFF1CB92846D9
:10B67000FFF7BEFF38BD6420013C06F0F6FAA4B225
:10B68000F4E708B539280CBF50210021FFF7E9FF86
:10B6900008BD08B528B100F0E9FDBDE8084000F09C
:10B6A000B7BE08BD08B528B100F0EEFDBDE8084002
:10B6B00000F0AEBE08BD00002DE9F843877945795A
:10B6C00080460C4600F0A4FD3F09064608B32E460E
:10B6D000FDB1C4F3072303F0F002402A0CD0E1B21D
:10B6E00001F12002D2B2072A25D903F0E003202B72
:10B6F00002D101291FD907B3A54B5E7816F00406C5
:10B7000007D0022000F0C2FE00F082FD80F00106AA
:10B71000F6B2C4F303330B2B3DD8DFE813F010006F
:10B72000100054005400AE00C5003C003C00CA00AC
:10B730002D01420142010026EBE73E46E9E7C4F352
:10B740000723C4F303270F2B88BF3F01E4B285B161
:10B7500057B104F12003DBB2072B384600D92CB9CE
:10B7600000F084FD00F054FE20464CE000F0ACFDFB
:10B77000F8E72046FFF73CFF6FB104F12003DBB28E
:10B78000072B384600D914B900F07EFD01E000F027
:10B79000A9FD00F03DFE002E00F05F8100F030FDBD
:10B7A00010F0010040F0598188F8050000F022FDFA
:10B7B00000F024FA404600F067F900F01BFDBDE8F8
:10B7C000F84300F027BAC4F3072303F0F003C4F3EF
:10B7D0000329202BE4B218BF4FEA09192CB1012C20
:10B7E00034D0002D3CD0DFB1BEE7694B5B78580701
:10B7F00014D45DB1B9F1000F04D0484600F036FD15
:10B8000000F006FE0020FFF7ABFEC4E72846FFF776
:10B81000EFFEB9F1000FBED04846B5E755B11FB9EC
:10B820004846FFF736FFB6E7012FB4D1484600F08F
:10B8300093FDB0E7002FAED14846FFF733FF4846EF
:10B8400000F098FD484600F073FDA4E715B1052F00
:10B85000A1D8E5E7042F9ED84846FFF723FF9AE7D3
:10B86000002FF9D0392C0CBF4FF4FA50012006F00C
:10B87000FCF92046FFF7BCFE8DE714F4406FC4F3DB
:10B88000812307D0012B86D165B1C4F3090004F0F0
:10B8900069FD80E725B1C4F3090004F04BFD7AE7A8
:10B8A0002846FAE72846F2E72946E0B2FFF74DFEC0
:10B8B00071E714F4407F2DD1F5B9C4F34213E106CA
:10B8C0004FEA830348BF0F25DBB248BF9D4004F019
:10B8D0000F0248BFED4302FA03F2C4F3812448BFCC
:10B8E000ADB292B2022C45EA02000DD0032C0ED06C
:10B8F000012C06D000F05AF904F0F4FCFFF7D5FD56
:10B9000049E700F04BF9F7E700F058F9F4E700F0E9
:10B9100042F9F1E7C4F3012215B3D207ECD5C4F321
:10B92000421314F010004FEA8303DBB21CBF0F2058
:10B93000984004F00F0202FA03F218BFC043C4F3A8
:10B94000812414BF83B2034692B2022C43EA020060
:10B950000CD0032C0DD0012C05D000F079F9CBE7E9
:10B96000012AC9D9DBE700F06BF9C5E700F078F9E7
:10B97000C2E700F031F9BFE7E7B2C4F303244DB1E9
:10B98000204600F03BF93846FFF783FEB4E700BFDE
:10B990000A4800203846FFF785FE204600F03AF9B5
:10B9A000AAE75FFA84F9A9F1F003042B3CD8DFE899
:10B9B00003F003210D141D0035B1042F9CD8C4F3EE
:10B9C000042000F031F997E7052FF7E7C4F30420CE
:10B9D000002DE3D100F012F98EE725B1C4F3042065
:10B9E00000F005F988E700F0FFF885E71C4B5B786D
:10B9F0005B0704D4C4F30420002DCFD0EAE74DB197
:10BA0000C4F30424204600F0F9F80321204600F096
:10BA10001BFD71E7012000F039FD012F7FF66CAFAF
:10BA2000022000F033FD67E73DB11FB14846FFF744
:10BA300097FD61E7C4F30420CCE75FB1B9F1390F9A
:10BA40000CBF4FF4FA50012006F00FF94846FFF7FB
:10BA5000CFFD51E7C4F30420A0E7BDE8F88300BFA1
:10BA60000A48002038B501880446407900F098F96A
:10BA7000054600F0FDF800F08DF829462046BDE8A7
:10BA80003840FFF719BE0000037910B50446B3B182
:10BA9000FFF78FFC68B900F0BBFB80B1637973B12D
:10BAA000074B5B785B070AD5BDE81040022000F029
:10BAB000EDBC2046FFF7D6FF2046FFF74EFC10BD39
:10BAC0000A48002008B5002004F034FC002004F0EF
:10BAD00049FC00F017FC00F09BFC04F06DFABDE897
:10BAE000084004F04DBA08B504F042FDBDE8084036
:10BAF000FFF7E8BF08B500F0D7FBBDE80840FFF747
:10BB0000F2BFC0F30333062BC2B213D094BF0E337F
:10BB1000063303F00F03012B13D8F02A13D004D8F7
:10BB2000E72A8CBF002001207047A2F1F40358429D
:10BB300058417047F12A18BFE72A94BF012000201E
:10BB40007047002070470120704708B50346007910
:10BB500030B1188800F018F9BDE80840FFF7D1BFF0
:10BB600008BD82B002AB03E9030002B0704782B0A7
:10BB700002AB03E9030002B07047704708B5FFF756
:10BB8000FCFF08BD08B5FFF7F9FF014B188008BDA1
:10BB9000C81400207047FFF7F5BF0000024B1B8858
:10BBA0001843FFF7EFBF00BFC8140020024B1B88EB
:10BBB0001840FFF7E7BF00BFC8140020024B1B88E6
:10BBC0005840FFF7DFBF00BFC8140020704708B51A
:10BBD000FFF7FCFF08BD000008B5FFF7F8FF014BB9
:10BBE000188008BDC61400200020FFF7F5BF012310
:10BBF00003FA00F080B2FFF7EFBF0000012303FA61
:10BC000000F0034B1B88184380B2FFF7E5BF00BF6D
:10BC1000C6140020034A01238340108820EA030051
:10BC2000FFF7DABFC6140020012303FA00F0034B2C
:10BC30001B88584080B2FFF7CFBF00BFC61400205A
:10BC4000024B1B881843FFF7C7BF00BFC614002074
:10BC5000024B1B881840FFF7BFBF00BFC61400206F
:10BC6000024B1B885840FFF7B7BF00BFC614002027
:10BC7000704701F0070330B5C908012402EB8102C7
:10BC80009C40E4B2013A002112F8015F20FA01F36E
:10BC900043F300036B40234001315D4004291570DC
:10BCA000F2D130BD10B5002200F00704C00801EB4E
:10BCB000800110468B5CE34003F0010393400132A6
:10BCC0001843042AC0B2F5D110BD000017B40C46C9
:10BCD000C1B2C0F3072005280AD80F290ED8094A97
:10BCE00001EB0011204603B05DF8044BFFF7C1BF24
:10BCF000031DDBB2012B01D8034AF3E703B05DF863
:10BD0000044B70479514002091140020C3B2C0F377
:10BD10000720052882B007D80F2B0CD8074903EB62
:10BD2000001002B0FFF7BEBF0430C0B2012802D835
:10BD300003491846F5E7002002B07047951400202B
:10BD4000911400200E4B73B51D880E4BADF8040006
:10BD50001B881D43ADB20F2445FA04F3DB0705D45D
:10BD6000013CF9D20026304602B070BDE6B201991E
:10BD7000304600F03AFE80B20128F1D0F3E700BF70
:10BD8000C6140020C814002007B5ADF804000198BF
:10BD9000FFF7D8FF019903B05DF804EB00F025BE72
:10BDA00013B5104BADF804101B782BB1019802B0FD
:10BDB000BDE81040FFF7E8BF70B10198FFF7C2FF80
:10BDC000044601460198FFF781FF0199204602B021
:10BDD000BDE8104000F009BE0198FFF797FF044648
:10BDE000F3E700BF90140020F8B50C4B0C4E1C7804
:10BDF0000C4D3378A34200D1F8BD05EBC40335F8F0
:10BE000034005F889A88D98840EA074042EA0141B5
:10BE10000134FFF7ACFE04F00704EAE7CA1400207F
:10BE2000CB140020CC140020064B10B418885C887A
:10BE30009A88D98840EA044042EA01415DF8044BFF
:10BE4000FFF795BE0C150020194AF8B593790F2B12
:10BE50000AD8537943B1174B17491B780D781688C8
:10BE60005788164CAB4200D1F8BD04EBC3010879EA
:10BE7000D0B134F83300B04216D14879A0B948881F
:10BE8000C01B80B2C7280FD89379012060F3071335
:10BE900093718B7960F3071305488B71FFF7F4FDFD
:10BEA000BDE8F840FFF7A0BF013303F00703D9E76F
:10BEB0000C150020CA140020CB140020CC14002044
:10BEC000F0B50D4B0D4C1B7826780D4CB34201D1CB
:10BED0000020F0BD04EBC3056F788F4206D114F843
:10BEE0003370874202D16D79954203D1013303F05B
:10BEF0000703EBE70120ECE7CA140020CB14002075
:10BF0000CC1400202DE9F0438A4D85B0044606226A
:10BF10000146684609F02BF82B7967792279C3B975
:10BF2000002A00F0CC80002F00F0FB802046FFF7B5
:10BF30000CFE002800F0F58008222146284609F072
:10BF400016F82846FFF7FAFAFFF77EFFFFF76CFFB7
:10BF5000B5E0B4F802906B886E79A9EB03039BB24D
:10BF6000002E00F0AE80C72B00F28780002A00F080
:10BF7000A680AB792A8821880F2B51D8914211D104
:10BF8000002F48D1012262F30713AB71FFF74CFF7A
:10BF90002846FFF779FDAB79A3710025284605B047
:10BFA000BDE8F083002F36D1257861783A462846DF
:10BFB000FFF786FF2846FFF783FF05460028ECD1F0
:10BFC0000098FFF7E1FEC0F30332032AC3B208D89A
:10BFD000012A10D910F4706F12D0A2790F2A0FD84D
:10BFE000DCE7063202F00F02012A0ED92046FFF7E5
:10BFF0004BFD3546D2E710F4706F01D0002BCDD049
:10C000002033DBB2072BC9D9F0E7EF2BC6D90F33AA
:10C01000DBB2022BF7E7AB7943F00103AB71BCE76E
:10C0200091420AD14FB92046A371FFF72DFD082296
:10C030002146284608F09BFF88E72046FFF785FD4C
:10C0400000286ED0002F6CD0AB791F2B0FD92A8817
:10C05000ADF808202A798DF80C2002A80022ADF84E
:10C060000A908DF80D208DF80E30FFF70DFD082297
:10C070002146304808F07BFF66E7AB790F2B0ED8DE
:10C08000DDE90001FFF76DFD2846FFF7FDFC082202
:10C090000021284608F01CFFFFF7C6FE7DE772B1BD
:10C0A000298822889142C8D1002FC6D12046A37189
:10C0B000FFF7EAFC08223946284608F009FF012567
:10C0C0006CE7C72B31D8002AF9D057B32A882388C8
:10C0D0009A421DD1AB79DA0714D40F2B12D9A37170
:10C0E00003F0F003F02B06D0A379C3F3031201325F
:10C0F00062F30713A3712046FFF7C6FC0D48082220
:10C10000214697E7082221460A4808F030FFD6E783
:10C110002046FFF71AFD0028A9D1AB7943F00103AF
:10C12000AB712046FFF7B0FCC9E7DDE90001FFF77E
:10C1300018FDACE70C150020F0B585B0CDE9000185
:10C140006846FFF7DFFE274F9DF80420264D064680
:10C1500058B11AB1DDE90001FFF709FD234C287839
:10C160003B78834224D105B0F0BDDDE9000102AB8C
:10C1700083E80300002AF1D038782A78441C04F0C0
:10C18000070494420AD01946184B082203EBC0005A
:10C1900008F0EDFE3C70FFF727FEDFE7FFF7AAFC93
:10C1A0000822314612483E702E7008F091FED5E705
:10C1B00004EBC000FFF7A6FE0028D4D02B7834F89B
:10C1C000330004EBC3035E889A88D98840EA0640AE
:10C1D00042EA0141FFF7CBFC2B78013303F0070360
:10C1E0002B70BCE7CB140020CA140020CC14002014
:10C1F0000C150020014B1878C00870473C15002032
:10C20000024B187800F00700704700BF3C15002073
:10C21000034B187810F0070018BF0120704700BFCB
:10C220003C1500200B4B0C4910B51C682022204601
:10C2300008F03EFE38B108482022214608F097FE5B
:10C24000204604F063F8054A137823F002031370C4
:10C2500010BD00BFFC0D0020141500200848002070
:10C26000014B1878704700BF6A150020044B1A78FC
:10C270001043044A1870137843F001031370704799
:10C280006A15002008480020054A137823EA0003B5
:10C290001370044A137843F001031370704700BF12
:10C2A0006A15002008480020054A137823B1054983
:10C2B0000B7843F001030B7000231370704700BF2D
:10C2C0006A15002008480020044B1A781043044ADD
:10C2D0001870137843F0010313707047691500203C
:10C2E00008480020054A137823EA00031370044A23
:10C2F000137843F001031370704700BF69150020E5
:10C3000008480020054A137823B105490B7843F00B
:10C3100001030B7000231370704700BF69150020E4
:10C3200008480020704708B5FFF7FCFF08BD000073
:10C3300008B5054A1378034204D023EA00001070C0
:10C34000FFF7F1FF08BD00BF3D150020704708B59D
:10C35000FFF7FCFF08BD000010B505490B7830EA77
:10C36000030403D003430B70FFF7F1FF10BD00BFC0
:10C370003E15002008B5054A1378034204D023EA8D
:10C3800000001070FFF7E3FF08BD00BF3E1500205E
:10C3900008B5044B1A781AB100201870FFF7D7FFC0
:10C3A00008BD00BF3E15002070B5134B134D1C781F
:10C3B000134B2E681B781C43124B1B782BB11C436C
:10C3C00003F0E8FF08B1FFF7E3FF34702C680E4973
:10C3D0000822204608F06CFD38B10B48082221469F
:10C3E00008F0C5FD204603F089FF084A137823F0C2
:10C3F0000103137070BD00BF6A150020000E0020FD
:10C40000691500203E150020341500200848002042
:10C4100010B5084B084C1B7823B123789A0701D537
:10C42000FFF700FF2378DB0703D5BDE81040FFF7D7
:10C43000BBBF10BD320E002008480020704708B571
:10C44000FFF7FCFF08BD0000094A5278520710B5FB
:10C450000AD5084C41EAC0012170FFF7CFFB2078D4
:10C46000C008FFF7ECFF10BDBDE81040FFF7C6BBEA
:10C470000A4800203C15002008B5034B0020187026
:10C48000FFF7DDFF08BD00BF3C15002008B50A4AD4
:10C49000137823EA0000107042070CD198420AD0AA
:10C4A000064B5B785B0706D5C008FFF7B3FBBDE81A
:10C4B0000840FFF7E1BF08BD3C1500200A480020F6
:10C4C000094A08B55378C3F3800181420AD060F36A
:10C4D00082035370108800F038F8BDE8084002204D
:10C4E000FFF7D4BF08BD00BF0A480020044B5878AE
:10C4F000C0F3800080F0010000F00100FFF7E0BF12
:10C500000A4800200120FFF7DBBF0020FFF7D8BF5B
:10C5100008B500F0FDFDBDE808404FF6FF710020B2
:10C5200000F0D8BD08B5002000F06DFD4FF6E663C1
:10C53000C31A5842584108BD022000F055BD0320DF
:10C5400000F052BD042000F05EBD0146042000F062
:10C55000C1BD01460F2000F0CBBD0146132000F005
:10C56000C7BD0020FFF7F9BF08B50020FFF7F1FFB6
:10C57000FFF7F7FF08BD000007B500F0C9FD4FF653
:10C58000E661002000F0A6FD0021022000F094FDED
:10C590001C4B01210320198000F08EFD4FF4A051A7
:10C5A000042000F097FD0021062000F085FDFF210A
:10C5B000072000F081FD0021082000F099FD0021F6
:10C5C000242000F079FD0021172000F075FD0021E6
:10C5D0000C2000F071FD00210D2000F06DFD002306
:10C5E0000022CDE9002368460822182100F04AFD08
:10C5F0000021202000F07CFDFFF7B6FF03B05DF8BE
:10C6000004FB00BFC8140020FFF7B6BF01460E2090
:10C6100000F052BD73B50C4D04F0B2F82B88834284
:10C6200004460ED00026ADF8006004F0A9F8ADF87D
:10C630000460ADF8020002AB13E90300FEF75EFFF1
:10C640002C8002B070BD00BF6C15002008B504F04E
:10C6500061F8024B1860024B186008BD8415002079
:10C660008015002008B504F055F8024B1860024B05
:10C67000186008BD841500207C15002070477047A5
:10C6800008B5FFF7FCFF08BD0120704708B5054855
:10C6900000F0A0FA00F03AFDFFF7F0FFFFF7F0FF1F
:10C6A00008BD00BFCDCB00080120704708B5FFF7DB
:10C6B000FBFF08BD704708B5FEF7AAF8FFF7FAFFC1
:10C6C00008BD08B500F0A8FAFEF7EEFEBDE8084088
:10C6D00002F086BB08B504F01BF803F093F800F0F5
:10C6E00061FBFFF7EEFF03F0C5F9FEF74DFD08BD56
:10C6F000002003F0A1B900002DE9F04F85B0FFF74D
:10C70000C3FF88B9FFF786FFFFF7F2FF02F07EFD57
:10C7100003F0ACF808B1FFF7A5FF03F075FC05B016
:10C72000BDE8F04FFEF7D4BEDFF8C48000F052FB46
:10C7300046460024E0B236F8025B00F097FA052C7A
:10C7400050D0854204F10104F4D0284B1B789B079C
:10C7500001D500F091FAFFF7A9FF002701905FFAD9
:10C7600087FA504600F082FA38F8026BB04205466C
:10C7700032D04640B6B200244FF0010B16EA0B0F40
:10C7800020D005EA0B09019BB9F1000918BF4FF051
:10C79000010993B18DF808408DF809A003F0F0FF6E
:10C7A0004FF001038DF80C30ADF80A008DF80D90B4
:10C7B00002AB93E80300FEF7A1FE4A46214650462D
:10C7C00001F05EFB0134E4B24FEA4B03102C1FFA78
:10C7D00083FBD3D128F8025C0137062FBFD1FFF7C6
:10C7E00035FF91E78542B0D18CE700BF8815002066
:10C7F0006E15002038B500F003F9B0F5A44F0446DB
:10C8000043D2B0F5A04F80F0AE80DF2816D8CC28F8
:10C8100000F28C80A7280AD8A42879D8012804D04F
:10C82000031F9BB2A12B28BF0024204638BDA0F1D6
:10C83000A8039BB21A2B71D90024F6E7B0F5804FFC
:10C8400019D2B0F5005F80F0A080E728EDD9A0F5FF
:10C8500080739BB2B3F5F85FEED2C0F3072000F00F
:10C8600053F90546E0B200F0CBF82D0205F4F85577
:10C8700040EA050450E0C0B200F0C2F804F470646D
:10C88000204340F4204084B2CFE7B0F5A54F22D238
:10C8900045F25F23984253D845F23F2398420FD880
:10C8A00045F21F23984244D800F003040123C0F34B
:10C8B0008502A34043EA421343F40D439CB2B4E71C
:10C8C00000F003040123C0F38202A34043EA4213B1
:10C8D00043F40C43F2E745F2BF2398420AD845F2ED
:10C8E0009F23984200F01F0035D84AF2F40343EA30
:10C8F00000249AE7A0F5A543403B9BB21F2B9BD891
:10C90000040204F4F85444F4204444F0F0048CE7A6
:10C91000A0F1240444F48044A4B286E75834234BA5
:10C92000E4B233F8144044F488447EE740F4A04471
:10C93000F2E700F01F044AF2F10343EA042474E72B
:10C9400000F003040123C0F38202A34043EA421330
:10C9500043F40A43B2E700F0D7F8040204F4F854B1
:10C9600044F4005461E700F01F0000F0CDF803B27A
:10C97000C20648BF1B01C4F343144FEA042448BF56
:10C980001BB21C4344F41044C6E7C0F3042000F07B
:10C99000BBF80546E0B200F033F82D0205F4F85577
:10C9A000054345F40055ACB23FE700BF08630108FA
:10C9B000CBB2C1F30721052982B005D80F2B11D8BE
:10C9C0001A4602B0FEF76CBCFD2905D153B901220D
:10C9D000194602B0FEF776BCFC2903D113B91A46FA
:10C9E0001946F6E7002002B0704707B5ADF804100D
:10C9F0000199FFF7DDFF03B05DF804EBFFF7FABE26
:10CA0000E7284FD8DF2807D8312864D00ED8292846
:10CA100057D02A2866D07047A0F1E003072B41D8F1
:10CA2000DFE803F01540232831403C41392804D089
:10CA3000822802D035283FD07047324B1A789207AF
:10CA40001FD15B7813F0080F18BF292070472D4ABB
:10CA50001378D9074DD4527812F0010F22D013F079
:10CA6000100F14BF0020E3207047264B1B7813F0F3
:10CA7000040FF3E7234A137859073CD45278D207BE
:10CA8000EDD5E02070471F4B5A7891070AD51B78E7
:10CA900013F0100F14BF0020E7207047194B1B78CC
:10CAA0001A07F5D47047174A1378190725D4527816
:10CAB0009107EDD5E4207047124B1B7813F0200F3F
:10CAC000C2E7104B1A78920619D45B7813F0080F5E
:10CAD00018BF392070470B4B1B7813F0400F18BF5D
:10CAE0002A207047074B1B7813F0400F18BF3120E6
:10CAF000704739207047E2207047E62070473520A4
:10CB0000D0E700BF0A48002010B52F4C21784B0712
:10CB100013D500F01402A2F1040C00F01803DCF1AC
:10CB2000000242EB0C02A3F1080CDCF1000343EB22
:10CB30000C039A4218BF80F00C000B0713D500F0CD
:10CB40001402A2F1140C00F01803DCF1000242EB15
:10CB50000C02A3F1180CDCF1000343EB0C039A4226
:10CB600018BF80F00C006478E30713D500F01102C1
:10CB700002F1FF3C00F01803DCF1000242EB0C0272
:10CB8000A3F1080CDCF1000343EB0C039A4218BF3D
:10CB900080F00900A30711D500F0110200F018037E
:10CBA000A2F111046242A3F1180C6241DCF100030E
:10CBB00043EB0C039A4218BF80F00900CB0648BF34
:10CBC00000F0E70010BD00BF0A48002000207047B9
:10CBD00000207047014B1860704700BF040E002012
:10CBE000FFF796BC08B500F0F5F84FF47A6005F051
:10CBF0003CF800F0EFF8002000F038F8C30705D546
:10CC0000FFF7EEFFBDE8084003F0F8BD08BD08B52A
:10CC1000FFF7E8FF08BD000008B5FFF783FC08B97F
:10CC2000FFF7F2FCFFF788FC084B1870FFF78AFC4F
:10CC3000074B1880FFF7EBFFFFF781FCFEF7ABFF18
:10CC4000044B1888BDE80840FEF7C1BF88150020D6
:10CC50000A480020C6140020704708B5FFF7FCFF03
:10CC600008BD704708B5FFF7FCFF08BD014B33F85E
:10CC7000100070471848002070474FF4F07004F01F
:10CC8000A5BD00BF00BF00BF00BF00BF00BF00BF09
:10CC900000BF00BF00BF00BF00BF704708B5FFF76F
:10CCA000ECFF08BD08B5302383F31188012100F0A3
:10CCB0000F039940202220F00F0006F039FC0023DA
:10CCC00083F3118808BD000038B50C4D102455F8C9
:10CCD000040B421C01D0FFF7E5FF013C14F0FF04F8
:10CCE000F5D1074D062455F8040B431C01D0FFF77E
:10CCF000D9FF013C14F0FF04F5D138BD40630108B1
:10CD0000806301082DE9F843DFF8908058F821305E
:10CD10005C1C05460E4617463ED0302282F3118831
:10CD2000012223F00F0903F00F0302FA03F4214656
:10CD30004846A4B206F0FCFBA9F81A40002484F38C
:10CD40001188FFF79EFFDFF858C0A91E6FEA070E93
:10CD50000A355CF8042B31F8023F501C19D022F040
:10CD60000F0002F00F02006920FA02F2D20710D47D
:10CD70003B430124A9420B80EBD158F82600431C09
:10CD800001D0FFF78FFF21463046BDE8F843FFF79B
:10CD900085BF03EA0E03EDE7BDE8F88340630108B1
:10CDA0008063010808B5FFF78FFF0C2200210748B8
:10CDB00008F08EF80C220021054808F089F80620BA
:10CDC00000F038F8BDE80840FFF747BF18480020DA
:10CDD0000C48002030B585B00024019402940394DF
:10CDE00001252A46E1B201A80134FFF78BFF6D004F
:10CDF000102CADB2F5D10D480C2201A908F058F85D
:10CE0000002814BF0124002404D008480C2201A9E2
:10CE100008F0ADF8234606490448062200F02CF835
:10CE20000446FFF71FFF204605B030BD0C48002028
:10CE30001848002010B50446000107F0FBFE084A20
:10CE40000346106000EB04149C4200D110BD18464C
:10CE50001022002108F03CF803461033F4E700BF2D
:10CE60009015002010B5034C206807F0EBFE00235E
:10CE7000236010BD901500202DE9F04F454C464D24
:10CE800094F80080DFF81C9185B01E4600230290C4
:10CE9000039101922B70B8F1000F77D003F03AFCA8
:10CEA0003E4B1A681860821AFF2A3CD8B2B13C4B3C
:10CEB00001981B680021D2B2217089F8001003EBA1
:10CEC000001B8C468E465B452FD111B1012389F89A
:10CED0000030BCF1000F01D00123237046B9464653
:10CEE00099F80030DBB11EB903F014FC2B4B18602D
:10CEF0002B4AD2F80080039A002389F80030901E54
:10CF00001F464FF001094FF0140A0199DAB291421D
:10CF100008EB031C1CD817B101232B702370287851
:10CF200005B0BDE8F08FFF22C1E7581E03F10F0ADC
:10CF300010F8017F47B1BA4233BFBF1A80F800E052
:10CF40004146077038BFC4465045F1D11033BAE7A7
:10CF5000029A418832F8136000224E4009FA02FE1C
:10CF60001EEA060F1FFA8EFB09D01CF802E0BEF184
:10CF7000000F04D10CF802A08BEA01010127013255
:10CF8000102AEBD120F8021F0133BEE7002EA7D0F4
:10CF9000AAE700BF8B150020891500208C15002002
:10CFA000901500208A15002008B503F067FFFFF7F1
:10CFB00091FBBDE8084003F077BF08B503F07AFFA6
:10CFC000FFF79AFBBDE8084003F076BF08B503F011
:10CFD00066FB03F051FFFFF759FBFFF7E5FFFFF793
:10CFE000ECFFFFF768FBFAE707B5002301460122D3
:10CFF0000DF107008DF8073000F08CF89DF8070060
:10D0000003B05DF804FB07B50023014602220DF1D1
:10D010000600ADF8063000F07DF8BDF8060003B05C
:10D020005DF804FB07B50422014600230DEB020066
:10D03000019300F06FF8019803B05DF804FB07B5A9
:10D0400001228DF8071001460DF1070000F067F886
:10D0500003B05DF804FB07B50222ADF806100146E7
:10D060000DF1060000F05BF803B05DF804FB07B5B6
:10D070000422019101460DEB020000F050F803B0CC
:10D080005DF804FBF8B5D31D23F0070300AFADEB4B
:10D09000030D0546144668460E4600F03BF822464E
:10D0A0006946284607F004FF20B12246314628464B
:10D0B00000F035F8BD46F8BD38B50C460546FFF71B
:10D0C00093FFA04205D021462846BDE83840FFF72F
:10D0D000B6BF38BD38B50C460546FFF794FFA042F1
:10D0E00005D021462846BDE83840FFF7B4BF38BD1B
:10D0F00038B50C460546FFF795FFA04205D02146FE
:10D100002846BDE83840FFF7B2BF38BD00F048B947
:10D1100000F03CB80B460146184600F051B80B46EB
:10D120000146184600F0DAB808B54FF40062054829
:10D13000002107F0CDFE034A40F60803C2F800388C
:10D1400008BD00BF9415002010B5064C94F80438B3
:10D1500033B900F0A5F910B1012084F8040810BD1E
:10D160000220FCE79415002010B5074C94F8043811
:10D170003BB100F0DFF918B1002384F80438012036
:10D1800010BD0220FCE700BF9415002038B5FFF762
:10D19000DBFF044618B9FFF7E7FF204638BD00F073
:10D1A0008BF90546FFF7C0FF012C06D1FFF7DCFF26
:10D1B00000280CBF002505F001052C46EDE7000016
:10D1C00008B5034608469918B1F5006F05D804491B
:10D1D000194407F0CCFE012008BD0020FCE700BF89
:10D1E00094150020F8B506460F4615460024AC42BB
:10D1F00001D10120F8BD07EB840106EB840000F0AB
:10D20000E5F90028F6D00134F1E7F8B506460F46F7
:10D2100015460024AC4201D10120F8BD57F8241076
:10D2200006EB840000F06EF90028F6D00134F1E737
:10D2300037B500F041F9044628B3FFF785FF1649DA
:10D2400005464FF400720020FFF7DFFF044688B167
:10D250000FA3D3E9002310484FF4006102F096FABF
:10D260000222CDE9000169464FF40060FFF7CDFFCF
:10D270004400E4B2012D01D1FFF776FF064A40F6E3
:10D280000803C2F80038204603B030BDAFF3008079
:10D2900025232284E49CF2CB94150020044BD3F880
:10D2A0000038B3F5805F01D3FFF7C2BF012070479C
:10D2B0009415002010B5084C0146D4F8000800F081
:10D2C00021F940B1D4F800380433C4F80038BDE87F
:10D2D0001040FFF7E3BF10BD941500208318B3F58D
:10D2E000006F2DE9F74F06460F4615461BD82B4C0D
:10D2F00004442146384607F0DBFD00284BD02A467F
:10D300003946204607F033FEFFF71EFF804640B146
:10D310004FF0000A4FF0000B55B9FFF7BFFF04466E
:10D3200031E0FFF721FF0024204603B0BDE8F08F75
:10D33000052DA946C6F3024328BF4FF0050943EA6D
:10D34000C903CDE900AB4A468DF800303946330AAF
:10D350000DF103008DF801308DF8026007F007FE33
:10D360000098FFF7A7FF012804460CD1012D04D136
:10D37000A5EB09054E444F44CEE70198FFF79AFF0D
:10D3800001280446F4D0B8F1010FCDD1FFF7ECFE2F
:10D390000028C8D0C8E70124C6E700BF94150020C4
:10D3A0002DE9F04385B0FFF7BFFE00F0CBF830B9B0
:10D3B000FFF7BAFE0024204605B0BDE8F0833649E9
:10D3C000354D4FF400720020FFF70CFF90B330A3EF
:10D3D000D3E900234FF40061284602F0D7F9022276
:10D3E00006460C464FF4006002A9FFF7FBFEDDE99C
:10D3F00002239C4208BF964201D0FFF795FE274CBE
:10D4000040F6080601A9304600F0E0F8B8B3019BE9
:10D41000A3B313F0C00F06F104080293D9B20CD0E5
:10D42000C5F80088FFF704FF04460028C3D1FFF7C2
:10D430007BFEC0E7FFF778FEBAE71BBA0F04234074
:10D4400007F4E02747EA332707EBD103B3F5006F72
:10D450004FEAD109E4D811F0300F17D003A94046A4
:10D4600000F0B4F80028DBD008364A460DF10B0175
:10D47000E81907F07CFDB6F5805FC3D30120C5F83D
:10D4800000680028CED0FFF709FFCDE74646ECE75D
:10D4900025232284E49CF2CB9415002000FFFF009A
:10D4A00008B50021034804F0F7FEB0FA80F0400907
:10D4B00008BD00BFB84A00202DE9F041DFF84080E8
:10D4C0000E4F00210126D8F800308B4202D830469A
:10D4D000BDE8F081386803684D1C29465B699847B0
:10D4E0000446386804F07EFE0443E4B2012C8CBF8D
:10D4F000002606F001062946E5E700BFA01D002032
:10D50000080E0020094B73B51D68094B06461868C4
:10D510000368C943DC68019101AB04227119A0477B
:10D52000B0FA80F0400902B070BD00BF0C0E0020C0
:10D53000A01D002008B5024804F0BCFE012008BD73
:10D54000B84A00202DE9F0411A4D1B4B2B60FFF724
:10D55000F1FF286803685B689847184BB3F8226AA4
:10D5600000240746B602A046BB68013BA34210D97F
:10D5700001342868214604F062FE8044B8F5805FDB
:10D58000F2D30F4B28681C60012104F04BFE0D4BB9
:10D5900018600B4B1A684FF6FF739A4203D0094B81
:10D5A0001B68B34202D3084804F0EAF80120BDE842
:10D5B000F08100BFA01D0020B84A00200070FF1FAE
:10D5C000080E00200C0E00202D5C010838B50C4B15
:10D5D0000C4619680B4B0144186804F03DFE0A49DB
:10D5E0000A4A056800230120087013700B70117837
:10D5F00019B113701846236038BDEB43FBE700BF39
:10D600000C0E0020A01D00209D1D00209C1D002050
:10D6100030B585B010F47F4F0190C0F30725C0F3FB
:10D6200007420DD109B12A4B9A5C134614460020DB
:10D6300063F3070064F30F2062F3174005B030BDB9
:10D640009DF8044009B1224B9A5CFF2304EB44008F
:10D65000591B4000B0FBF3F04FF6AB7310FB03F324
:10D6600003EB440303EB4303DBB215FB03F4C3F109
:10D67000FF0313FB05F324121B12C4F1FF04C3F1D3
:10D68000FF0311FB02F114FB02F413FB02F3C1F3DD
:10D690000721C4F30724C3F30723062813D8DFE8C0
:10D6A00000F004060B090E12040014461A46134635
:10D6B0000A46BCE7134622460C461946F7E71C46C5
:10D6C00013460A46F9E713460A4621461C46EEE78A
:10D6D000B863010884B0012104B0FFF799BF0128A5
:10D6E00030B501D8C0B230BDB0F5F75F9DBF42097B
:10D6F0000832D2B2FF220124A3185910C3F3470500
:10D70000C3F34F0313FB03F39BB2834206D9013DDE
:10D71000EAB29442F0D9013CE0B2E4E7FF2902D03A
:10D720000135ECB2F5E70846DDE70000074B188845
:10D7300000EB402200EB820000F55850193080B217
:10D74000188000EB1020C0B2704700BF280E0020E8
:10D75000410648BFC34310B54CBFDAB202460D4C78
:10D76000C2F3011204EB420148BF03F00F034978F2
:10D7700054BF00F00F03013311FB03F114F8123012
:10D7800003EB2113DBB2020644BF5B42DBB283F042
:10D79000800010BD9863010884B001908DF80420CA
:10D7A000019B0020DAB262F30700C3F3072262F3A1
:10D7B0000F20C3F3074363F3174004B07047000022
:10D7C00084B030310A4B019013F811309B1A8DF858
:10D7D0000430019B0020DAB262F30700C3F3072292
:10D7E00062F30F20C3F3074363F3174004B070479D
:10D7F000A70C00200C4B84B003EB4103019093F87D
:10D8000061309B1A8DF80430019B0020DAB262F37C
:10D810000700C3F3072262F30F20C3F3074363F348
:10D82000174004B0704700BFA70C002030B5134D5F
:10D8300085B0303105EB410301905B78A3F1200402
:10D8400064B2002CBCBFC3F120035CB215F81130E8
:10D850009A1A2244C0B210448DF80400019B0020A3
:10D86000DAB262F30700C3F3072262F30F20C3F3B7
:10D87000074363F3174005B030BD00BFA70C00207D
:10D8800084B003EB43039DF81020019002EB530397
:10D890008DF80430019B0020DAB262F30700C3F375
:10D8A000072262F30F20C3F3074363F3174004B06A
:10D8B00070471FB5019048B20028BCBF494248B22A
:10D8C0005243C0F1380010FB002080B21C46FFF725
:10D8D00006FF00EB400004448DF80440019B00204B
:10D8E000DAB262F30700C3F3072262F30F20C3F337
:10D8F000074363F3174004B010BD00001FB5124C7E
:10D900000190303304EB430014F813304078703B3F
:10D910004B43203802FB0032002A9DF80430B8BF88
:10D920007F3203EBE2138DF80430019B0020DAB262
:10D9300062F30700C3F3072262F30F20C3F3074328
:10D9400063F3174004B010BDA70C00201FB5124CA4
:10D950000190303304EB430014F813304078703BEF
:10D960004B43203802FB0032002A9DF80430B8BF38
:10D970003F3203EBA2138DF80430019B0020DAB292
:10D9800062F30700C3F3072262F30F20C3F30743D8
:10D9900063F3174004B010BDA70C002084B0C94346
:10D9A0000190C9B2C0F3074011FB00F109128DF8D4
:10D9B0000610019B0020DAB262F30700C3F30722CE
:10D9C00062F30F20C3F3074363F3174004B07047BB
:10D9D00084B003EB8302BDF81030019013449BB276
:10D9E000FF2B28BFFF23C0F30740DB4350FA83F32C
:10D9F000FF2B28BFFF238DF80630019B0020DAB2F1
:10DA000062F30700C3F3072262F30F20C3F3074357
:10DA100063F3174004B070471FB5482B0190C0F363
:10DA2000074030D8BDF81840E31A9BB2FF2B28BF3F
:10DA3000FF23083189B2102905D902F1080189B202
:10DA4000112928BFFF231149DB4350FA83F3002A31
:10DA50004978B8BF0332FF2B01EBA20228BFFF2396
:10DA60008DF804208DF80630019B0020DAB262F3B5
:10DA70000700C3F3072262F30F20C3F3074363F3E6
:10DA8000174004B010BDFF23D3E700BF2848002093
:10DA900084B0C0F30741BDF810200190D31A9BB2A7
:10DAA000FF2B28BFFF23DBB2DA4351FA82F2FF2AB1
:10DAB00028BFFF2253FA80F08DF804008DF806206D
:10DAC000019B0020DAB262F30700C3F3072262F37E
:10DAD0000F20C3F3074363F3174004B0704784B0CB
:10DAE000BDF810200190D21A92B2FF2A28BFFF225F
:10DAF000C0F30740D24350FA82F2FF2A28BFFF2228
:10DB00008DF80620019B0020DAB262F30700C3F310
:10DB1000072262F30F20C3F3074363F3174004B0F7
:10DB20007047000010B5054C054801230822182154
:10DB30002370FFF7EFFA0023237010BDA61D00200D
:10DB400028480020024610B9C90FC801704780EA72
:10DB5000E073A3EBE073002918B201FA83F30BDB47
:10DB6000091A490191FBF3F1C1F12001C8B2002A61
:10DB7000BCBF4042C0B27047401A5B0193FBF0F358
:10DB8000C3F16003D8B2F2E730B585B0C0F3074502
:10DB900001909DF820001C1A1046FFF7D3FF2C447B
:10DBA000E4B2241AE4B214FB05F424128DF8064002
:10DBB000019B0020DAB262F30700C3F3072262F38D
:10DBC0000F20C3F3074363F3174005B030BD1FB503
:10DBD000019010461C46FFF7B5FF03198DF804307D
:10DBE000019B0020DAB262F30700C3F3072262F35D
:10DBF0000F20C3F3074363F3174004B010BD1FB5F4
:10DC000001909DF818001C1A1046FFF79BFFE4B224
:10DC1000241A8DF80440019B0020DAB262F3070059
:10DC2000C3F3072262F30F20C3F3074363F31740E4
:10DC300004B010BD08B5082203481821FFF722FAE6
:10DC4000024B00221A7008BD28480020A61D0020A3
:10DC500084B004B0FFF73EBD014B00221A6070474C
:10DC6000A01E00202DE9F74F304D05EB00130746AD
:10DC70005A5CFF2A88464FEA001625D0DFF8B0B07C
:10DC80005E4400240E4405EB04130BEB041A4FF022
:10DC9000000913F8011BFF290CD0E0B2874216D10E
:10DCA0005FFA89F0804512D131782031FF2928BFF1
:10DCB000FF21317009F10109B9F1100F0AF1010AD0
:10DCC000E7D10134062CDED103B0BDE8F08F02F1BC
:10DCD000300C303115F81C0015F811E0019305EBFC
:10DCE0004C0C05EB41019CF801C049780092ACEB6B
:10DCF0000101A0EB0E00494300FB001080B2FFF7CA
:10DD0000EEFC2828DDE90023D4D89AF80010C0F1F1
:10DD1000280080B2102894BF0918103189B2FF2959
:10DD200028BFFF218AF80010C4E700BFA70C00201D
:10DD3000DA1D002010B5084C08492046152300F8CC
:10DD4000013B032207F013F94FF67F73A380BDE870
:10DD50001040FFF76FBF00BF28480020745B010828
:10DD60000020704770B506460D461446FFF7F8FFD1
:10DD7000044B03EB06135B5DFF2B1EBF23540130E6
:10DD8000C0B270BDA70C0020014BDB68184700BF74
:10DD9000A063010810B4034C6468A4465DF8044B0A
:10DDA000604700BFA0630108014B9B68184700BF94
:10DDB000A063010833B40446094D084611462D5CA2
:10DDC000A5421A469DF8103006D1064C64680194AD
:10DDD000A44602B030BC604702B030BC704700BF00
:10DDE00030480020A063010830B5144B034485B0CF
:10DDF00093F802214B781A4205460C461BD0FFF7D8
:10DE000095FC8DF80800FFF791FC40F34E037F333B
:10DE10008DF809300A4BDB788DF80A300298FFF74D
:10DE200017FFC0F307430093C0F30722C3B229468C
:10DE3000E078FFF7BFFF05B030BD00BFA70C0020A2
:10DE4000284800202DE9F843DFF82C9005460E46BF
:10DE500017469846002419F8013FB5EB131F05D16A
:10DE600043463A4631462046FFF794FF0134512C91
:10DE7000F1D1BDE8F88300BFA80D00207047000075
:10DE80002DE9F04F85B006460F461546FEF70CFC0F
:10DE9000009000285ED0414B00221A60002D5CD01B
:10DEA00002AA39463046FFF75DFF0446DFF8F080EE
:10DEB00098F800301A19082A26DDC4F10803611CFD
:10DEC0001A46414408F10100994607F050F804F160
:10DED00009014A46414408F1090007F048F808EBF7
:10DEE00044014FEA4902193108F1190007F03FF8DF
:10DEF00004F111014A46414408F1110007F037F8D6
:10DF00005FFA89F388F8003002AA0192DFF890E006
:10DF1000DFF89480002294469146D0B253FA82FAF8
:10DF200084425FFA8AFB1AD8BCF1000F02D01C446D
:10DF30001B4B1C704DB11B4B1B7803F0FC03402B9B
:10DF400003D139463046FFF78DFE2A463946304622
:10DF5000FFF794FF05B0BDE8F08F2C46A6E70199C6
:10DF600011F801AB01910AF130000EEB0B0C18F81F
:10DF700010108CF8011008EB40008CF811A04078CC
:10DF80008CF809000BF10C000EEB4000DDF800C02E
:10DF900080F8019080F802900132BEE7D41D002085
:10DFA000A71D002028480020A70C0020704708B5B6
:10DFB000FBF7AEFCFFF7FAFF08BD0120704700EB4E
:10DFC0000010C3B203F11102D2B2512A4FF0000087
:10DFD00063F30700134628BF512382B063F30F2079
:10DFE00002B070472DE9F04F8BB006460078DFF89D
:10DFF000E0800491FFF7E3FF334BADF81C001D8870
:10E0000098F804305B085D43C5F3072303932F4B57
:10E01000C4B2C0F3072B03EB440703F58179E3B2E5
:10E020009B4507D8BBF1500F8CBF002001200BB0DF
:10E03000BDE8F08F19F8042073781A4241D097F8A0
:10E04000603097F86100703B1FFA83FA20385B4319
:10E0500082B200FB003080B20592FFF740FB039ACA
:10E06000009298F801C098F803E0059A049D0346D1
:10E0700098F802004CEA002012B20FFA8AF140EA46
:10E080000E40A847C0F307238DF82400C0F30740D3
:10E090008DF825308DF826000998FFF7D9FDC0F3DB
:10E0A00007438DF82230DBB2C0F3072200938DF8CE
:10E0B00020008DF82120C3B2D2B2F0782146FFF7BC
:10E0C00079FE02370134AAE784480020A70C00201B
:10E0D000284800200149FFF785BF00BF89DB000801
:10E0E0000149FFF77FBF00BF81D800080149FFF752
:10E0F00079BF00BFFFDB00082DE9F04FDFF8C080DB
:10E1000087B006460078FFF75AFF2B4B98F804506B
:10E110001B88ADF80C006D085D43284BC4B28A46DD
:10E12000C0F3072BC5F3072503EB440703F58179FB
:10E13000E3B29B4507D8BBF1500F8CBF00200120F4
:10E1400007B0BDE8F08F19F8042073781A4230D078
:10E1500098F8023098F8010098F803C097F8612009
:10E1600097F8601040EA0320203A70392B4640EAC5
:10E170000C40D047C0F307238DF81400C0F30740CC
:10E180008DF815308DF816000598FFF761FDC0F386
:10E1900007438DF81230DBB2C0F3072200938DF8ED
:10E1A00010008DF81120C3B2D2B2F0782146FFF7EB
:10E1B00001FE02370134BBE784480020A70C002091
:10E1C000284800200149FFF797BF00BFB3D80008D7
:10E1D0000149FFF791BF00BFCFDB00082DE9F047F1
:10E1E000274FDFF8A4A086B006460078FFF7E7FEC9
:10E1F000244A3B791588ADF80C009B0803FB0555B4
:10E200008846C0F30729C5F30725C4B2E1B28945A2
:10E2100007D8B9F1500F8CBF0020012006B0BDE82F
:10E22000F0871AF8042073781A4227D0BA787B78DE
:10E23000F87843EA022343EA00402A46C047C0F385
:10E2400007238DF81400C0F307408DF815308DF8C2
:10E2500016000598FFF7FCFCC0F307438DF8123059
:10E26000DBB2C0F3072200938DF810008DF8112067
:10E27000C3B2D2B2F0782146FFF79CFD0134C5E766
:10E280002848002084480020A90D00200149FFF7FC
:10E29000A5BF00BF99D700080149FFF79FBF00BF86
:10E2A000C1D700080149FFF799BF00BFF5D70008A3
:10E2B0000149FFF793BF00BF2DD800082DE9F04FAB
:10E2C000DFF8CC90DFF8CCB089B080460078FFF75B
:10E2D00076FE2E4B99F804401B88ADF81400A40874
:10E2E0005C43C4F30724C6B2C0F3072504F1400021
:10E2F000C0B28A46FFF72CFA803843B22046039317
:10E30000FFF726FAA0F180077FB2F3B29D4206D84C
:10E31000502D8CBF0020012009B0BDE8F08F1BF804
:10E32000061098F8012011422DD0009499F802208F
:10E3300099F8010099F803C0039940EA022040EAE5
:10E340000C403A46D047C0F307238DF81C00C0F3B9
:10E3500007408DF81D308DF81E000798FFF778FCF8
:10E36000C0F307438DF81A30DBB2C0F307220093E5
:10E370008DF818008DF81920C3B2D2B298F80300B6
:10E380003146FFF717FD0136BFE700BF8448002084
:10E3900028480020A90D00200149FFF78FBF00BFCA
:10E3A000FDD800080149FFF789BF00BF4DD900081B
:10E3B0002DE9F04F384EDFF8E8B0DFF8E8A087B07D
:10E3C00005460078FFF7FBFD3379ADF80C0001330B
:10E3D000FF2B8846C0F30729C4B228BFFF234FF69E
:10E3E000FF77B7FBF3F7E1B2894507D8B9F1500FD2
:10E3F0008CBF0020012007B0BDE8F08F1BF804207F
:10E400006B781A4236D09AF800302448013B5BB250
:10E410001A0631D53A4631797378F0780131FF29FF
:10E4200028BFFF215143B27843EA0223C1F30F21F1
:10E4300043EA0040C047C0F307238DF81400C0F33F
:10E4400007408DF815308DF816000598FFF700FC91
:10E45000C0F307438DF81230DBB2C0F307220093FC
:10E460008DF810008DF81120C3B2D2B2E8782146A1
:10E47000FFF7A0FC0134B6E7C25C8A420AD103F17F
:10E480000C020AEB420292F801C092784CEA022296
:10E49000BA42C0D3013BBBE728480020994800207E
:10E4A000A90D0020884800200149FFF781BF00BF67
:10E4B0009DD900082DE9F04F8DB082460878029171
:10E4C0000492FFF77CFD4A4BADF824001B780393C0
:10E4D000484BC4B203EB440603F58173C0F307292C
:10E4E0000593E3B2994507D8B9F1500F8CBF0020CE
:10E4F00001200DB0BDE8F08F059B1A5D029B5B7893
:10E500001A422BD0DFF8E8B03B4903220AA806F0F4
:10E510002EFD57460AEB0B080021039AFBB29A42E4
:10E520001FD8364BDB7813FB01F31B128DF82A3012
:10E530000A98FFF78DFBC0F307438DF82E30DBB24E
:10E54000C0F3072200938DF82C00C3B202988DF817
:10E550002D20C078D2B22146FFF72CFC01340236C0
:10E56000BFE718F8013F96F8600098F80820079177
:10E57000C01A83B21D4696F861309B1A9AB213FBFB
:10E5800003F300FB003080B20692FFF7A8F81B4BA4
:10E59000079993F804C0069A07F10C0E0BEB4E0E88
:10E5A0000CF1010C9EF801309EF802E08DF82A1063
:10E5B000BCF1FF0F43EA0E2328BF4FF0FF0C03FB13
:10E5C0000CFCCCF30F2329B20093049D034612B236
:10E5D0000A98A847C0F307238DF82800C0F3074026
:10E5E0008DF829308DF82A00C1B2013795E700BFB8
:10E5F00088480020A70C0020294800202848002037
:10E600000146024A0020FFF755BF00BFD1D90008DC
:10E610000146024A0020FFF74DBF00BF19DA00088B
:10E62000044B054A1B78013B23EAE3730146D8B249
:10E63000FFF740BF8848002091DA0008044B054AE4
:10E640001B78013B23EAE3730146D8B2FFF732BFE0
:10E6500088480020DFDA0008F0B5064685B000786B
:10E660001A4FFFF7ACFC1A4AADF8080053789178BE
:10E67000C4B2C0F30725D07843EA012343EA00403F
:10E68000FFF7E6FAC0F307238DF80D30C0F3074318
:10E690008DF80C008DF80E30E3B29D4205D8502D58
:10E6A0008CBF0020012005B0F0BD3A5D73781A429E
:10E6B0000AD09DF80E3000939DF80D209DF80C3087
:10E6C000F0782146FFF776FB0134E5E7A90D00203D
:10E6D000284800202DE9F041064686B00078DFF892
:10E6E000AC80FFF76CFC08F101010322ADF80C00CF
:10E6F000C5B2C0F3072404A806F039FC214B98F8F2
:10E700000370188898F80430DB085843C0F30720DA
:10E71000FFF71EF8A0F18002D3B2120644BFC0F189
:10E720008000C3B25B00DBB213FB07F31B128DF852
:10E7300012300498144FFFF78BFAC0F307238DF8BB
:10E740001400C0F307408DF815308DF81600EBB2B9
:10E750009C4206D8502C8CBF0020012006B0BDE89A
:10E76000F0817A5D73781A420AD09DF816300093D2
:10E770009DF815209DF81430F0782946FFF71AFB14
:10E780000135E4E784480020A90D00202848002036
:10E7900073B505460078FFF712FCAB78ADF80400BE
:10E7A000C0F307241BBB174B174A1B791288103381
:10E7B000FF2B28BFFF235343C3F30F230522B3FBD3
:10E7C000F2F202EB82029B1A9BB253B9FEF7AEFF44
:10E7D00000B200EBC00000EBC00029460012FFF7BA
:10E7E00003FB502C8CBF0020012002B070BD9DF8AF
:10E7F0000460B442F5DD30462946FFF7F5FA0136EC
:10E80000F7E700BF28480020844800202DE9F043A6
:10E810002D4E2E4D87B007460078FFF7D0FB3268AB
:10E820002B68ADF80C009A42C0F3072437D9FEF7E5
:10E830007DFF03B2264A03EBC30303EBC3034FEA96
:10E84000232802EB232393F802217B781A4226D057
:10E85000FEF76CFF10F0020FDFF8789026D000234F
:10E86000ADF810308DF812300498FFF7F1F9C0F3CD
:10E8700007430093C0F30722C3B24146F878FFF77D
:10E8800099FA99F804301033FF2B28BFFF234FF477
:10E89000FA721B09B2FBF3F3326813442B60502C5D
:10E8A0008CBF0020012007B0BDE8F083FEF73EFFDB
:10E8B0008DF81000FEF73AFF40F34E007F3099F8D4
:10E8C00003308DF81100CDE784480020A01E002001
:10E8D000A70C0020284800202DE9F04F044689B0FD
:10E8E0000078FFF76CFBC3B20393A378ADF8140074
:10E8F000C0F3072553B10023E0781A461946FFF705
:10E90000A1FA4B486022002106F0E2FA2378002B9E
:10E9100045D1484A13788BB9E178474E01238B40A3
:10E920003088137001F031FF444B18288CBF01224E
:10E9300000221A7002D901F023FF30800027B84668
:10E940003F4B07EB030A3A4B4FF0100B07EB030961
:10E950001AF8013B039A93420CD3AB420AD2384ACD
:10E96000134493F8022163781A4223D108F1010875
:10E970005FFA88F80BF1FF3313F0FF0B09F101097F
:10E98000E6D1502F04D0B8F1100F07F11007D7D9F6
:10E99000502D8CBF0020012009B0BDE8F08F042B62
:10E9A000CCD12449E37801229A400B7823EA020370
:10E9B0000B70C3E799F80060224AA6F1550323EAD9
:10E9C000E373C3F1AA038DF8183093788DF81930EA
:10E9D00006F1AA03FF2B28BFFF2303EB4303D278E2
:10E9E0000233DBB213FB02F31B128DF81A300698C8
:10E9F000FFF72EF9C0F307438DF81E30DBB2C0F3EA
:10EA000007221AF8011C00938DF81C00C3B28DF880
:10EA10001D20E078D2B2FFF7CDF9084B1B78002B10
:10EA2000A4D0013E26EAE67689F800609EE700BFA2
:10EA3000DA1D00209A1E00209C1E00209B1E002034
:10EA4000A70C0020284800202DE9F04F054689B08A
:10EA50000078DFF8E881714E98F803703478FFF79A
:10EA6000AEFAC0F307230393AB78ADF814006BB193
:10EA700000231A461946E878FFF7E4F9602268484F
:10EA8000002106F025FA674B00221A702B78002B24
:10EA900040F0C18098F8031096F800C0DFF880E1DC
:10EAA000614501D077D331705F4B1B781BB15F4A52
:10EAB00013780133137007EB4707BB08DFF860A139
:10EAC00002934FEAA70B00274FF0FF09B9FBF4F9B7
:10EAD000D0460024544B1B7863B1524B1B78234320
:10EAE0005DD106F065F9524B984258DC4B4B1B78D0
:10EAF0008AF8003006AA39462046FFF733F9A8B154
:10EB000098F8002002993378E8789DF818E08A4256
:10EB100055D9A2EB0B020BFB02F2A3EB0B0C92FB01
:10EB2000FCF2D2B200927146FFF744F90134E4B22C
:10EB3000062C08F11008CDD10137FFB2102F0AF1D1
:10EB4000010AC5D1384B1B7863B1384B1A784A4556
:10EB500004BF00221A70334A13780133DBB21C2B36
:10EB600035D813700023304A1370039B502B8CBF91
:10EB70000020012009B0BDE8F08F98F80020013096
:10EB8000062812FB01F2B2FBFCF208F8102BF4D1BC
:10EB90000133102B87D003EB0E080020EDE798F827
:10EBA0000030002BA6D032789A42A3D91F4A12789F
:10EBB0004A4504BF03F1FF3388F800309AE712FB9F
:10EBC00003F30022B3FBFBF30092DBB2ABE7347834
:10EBD000184D0023661E1370F7B205231648294608
:10EBE0001022052B04D190F800C0A44508BF067080
:10EBF00011F801CF013AA44524BF0F700C7412F034
:10EC0000FF0200F10100ECD1013B13F0FF03A5F17D
:10EC10001005E3D1A6E70123A5E700BF110E0020F0
:10EC20003A1E0020A51D0020100E0020A41D00206B
:10EC300054555505791E00208A1E002028480020C2
:10EC400073B5584B584C1B78584E834205462ED00E
:10EC50000123512200215648A37006F039F90822F9
:10EC600018216846FEF756FA03220DF10101701CC7
:10EC700006F07DF99DF804303371737962789A4219
:10EC800005D00022114610466370FFF78DF8162D4F
:10EC900020D8DFE805F0162E32363A3E42464A4E7C
:10ECA00052565A5E62666A6E72767A7E8200414A77
:10ECB0003378127803F003039B1A18BF0123A37063
:10ECC000DBE7A37833B1002211461046FFF76CF85A
:10ECD000FFF76DF9002023780133237038B9364BE4
:10ECE00002221A70A27812B90DB903221A7002B06A
:10ECF00070BD2D48FFF7B0FCEDE72B48FFF7EAFCAD
:10ED0000E9E72948FFF7E6F9E5E72748FFF7BEFA04
:10ED1000E1E72548FFF7C0FADDE72348FFF7C2FA2D
:10ED2000D9E72148FFF7C4FAD5E71F48FFF7D8F91C
:10ED3000D1E71D48FFF746FACDE71B48FFF748FA31
:10ED4000C9E71948FFF7D2F9C5E71748FFF724FBD1
:10ED5000C1E71548FFF726FBBDE71348FFF718FD8D
:10ED6000B9E71148FFF752FDB5E70F48FFF7B4FDCB
:10ED7000B1E70D48FFF768FEADE70B48FFF794FBDE
:10ED8000A9E70948FFF73CFCA5E70748FFF740FC67
:10ED9000A1E70548FFF744FC9DE70348FFF74EFC59
:10EDA00099E700BF1D0E0020190E00202848002002
:10EDB000304800201E0E0020180E002008B5FCF779
:10EDC00083F908BD07B500780138C0B2FFF7F7F83E
:10EDD000C0F30721C0B2FFF7F1FF03B05DF804FBF9
:10EDE000134B10B51B6898471248134B0024102290
:10EDF000FF2100F8194B1C7006F06AF80F4810222A
:10EE0000FF2100F8194B06F063F8FDF78BFB18B9EA
:10EE1000FDF7FAFBFEF78EFFFEF784FE084B1B782A
:10EE2000032B03D8BDE81040FEF784BF10BD00BF20
:10EE3000A063010888480020D91D0020A71D0020DC
:10EE400028480020054B1A7892071EBF044A00216B
:10EE500011701A7822F003021A70704728480020B7
:10EE6000180E0020024B187800F00300704700BF16
:10EE700028480020114B1A78920710B41BD0B0B16B
:10EE8000162816D800F03F001A7860F387021A702F
:10EE90000B4A0024147071B119785DF8044BC1F36A
:10EEA000010141EA8001C9B21820FEF7C8B801206B
:10EEB000EAE71620E8E75DF8044B70472848002091
:10EEC000180E00200121FFF7D5BF0000054B1B786D
:10EED0009B080133172B014634BF18460120FFF76A
:10EEE000C9BF00BF284800200120FFF7EFBF000086
:10EEF000064B1B78C3F38503013B13F0FF03014668
:10EF000014BF18461620FFF7B5BF00BF28480020E1
:10EF10000120FFF7EDBF000030B4084C2578AD07A5
:10EF200009D06070A170E2702BB1601C032230BC6C
:10EF30001921FEF7F4B830BC704700BF2848002004
:10EF4000034903464878CA7889780830FFF7E4BF58
:10EF5000284800200120FFF7F3BF0000054910B446
:10EF60004C78CA788978083C0346A0B25DF8044B17
:10EF7000FFF7D2BF284800200120FFF7EFBF0000B5
:10EF800010B4074CA178E2781031FF2928BFFF2187
:10EF90000346C9B260785DF8044BFFF7BDBF00BF00
:10EFA000284800200120FFF7EBBF000010B4064CFA
:10EFB000A178E278103921EAE1710346C9B260789C
:10EFC0005DF8044BFFF7A8BF284800200120FFF799
:10EFD000EDBF000010B40A4C22789207034603D11B
:10EFE0005DF8044B00F00EB8E278A17860785DF827
:10EFF000044B1032FF2A28BFFF22D2B2FFF78CBF8A
:10F000002848002038B5104C237803F0030282F022
:10F01000010262F3010323700C4B002119700546B5
:10F0200030B1217801F0FC0111431820FEF707F8F8
:10F0300023789B0702D0E3781F2B00D938BD2846E0
:10F04000FFF7C8FFF4E700BF28480020180E002093
:10F050000120FFF7D7BF000010B50A4C237813F04A
:10F06000030304BF084A13702378012262F30103EB
:10F070002370E3781F2B00D910BD0020FFF7AAFFF3
:10F08000F7E700BF28480020180E002010B5074CF5
:10F09000FFF7E2FF21781820FDF7D1FFE3781F2B5F
:10F0A00000D910BD0120FFF795FFF7E728480020A1
:10F0B0000120FFF78FBF000038B50C4CE278A17833
:10F0C000103A22EAE27203460546D2B26078FFF7B0
:10F0D00023FF23789B0707D0E378202B04D828460A
:10F0E000BDE83840FFF78EBF38BD00BF284800207C
:10F0F0000120FFF7E1BF0000034B187119B1014671
:10F100001C20FDF79CBF704728480020044B1B794A
:10F110001033FF2B28BFFF230146D8B2FFF7ECBF07
:10F12000284800200120FFF7F1BF0000044B1B79A5
:10F13000103B23EAE3730146D8B2FFF7DDBF00BFFF
:10F14000284800200120FFF7F1BF0000014B1860A4
:10F15000704700BF140E0020014B00221A60704758
:10F16000D41D0020044B1868044B1B68984294BFC0
:10F1700000200120704700BFD41D0020140E002085
:10F1800008B5034B1B699847024B01221A7008BD52
:10F19000A0630108D91D002008B5034B5B6998479F
:10F1A000024B00221A7008BDA0630108D91D00207F
:10F1B000014B1878704700BFD91D002038B50E4BA1
:10F1C0000E4A18700E4B0F4D1B78C3F301031370DA
:10F1D0002B7804460BB1FFF7DFFFFEF7D5FD34B9FE
:10F1E0002B7823B9FAF7A2FB08B1FFF7C9FF064B4A
:10F1F00003221A7038BD00BF1D0E00201E0E002015
:10F2000028480020D91D0020180E00202DE9F843C1
:10F210003D4C3E4F206801F0BFFA054601F07AFAF6
:10F220003B4B97F800801E6820602E440024C5F5F3
:10F230007F4C1E604146A6460CF1FF0CE3B2984598
:10F2400018D8BEF1000F00D03970324B1C784CBB7F
:10F25000314B1B68B34205D3304B1B7813F00304CA
:10F2600000D09C082E4D2B78032B29D8DFE803F023
:10F270001C2A393E04F10C0207EB42020134537898
:10F2800092F8029043EA09239C4529BF5B1901F1DA
:10F29000FF315370C3F307233ABFC9B24FF0010ED9
:10F2A0009370CBE70024DDE71E4B184900221A704B
:10F2B0001D4B292218601D4805F059FE01232B70B3
:10F2C000BDE8F8832046FFF7BBFC002CF8D02B7874
:10F2D000022B01D1FBF793FABDE8F8431148FFF781
:10F2E00071BD2046BDE8F843FFF768BF104B1B789F
:10F2F0000BB1FEF79FFC0C4B186801F04DFA0F287C
:10F30000DED90023DBE700BFD01D0020A71D0020B1
:10F31000D41D0020D81D0020140E002028480020F5
:10F32000180E0020190E0020844800208848002074
:10F33000A61D002070B5064E044638B135782DB9AB
:10F340002846FFF77DFC2846FFF738FF347070BD74
:10F35000D81D00200128F8B50C4617461E460BD8CC
:10F36000124D002255F820001023114601F0C2FA78
:10F37000054620B901F036FB00252846F8BD0C48AB
:10F3800004F00F0444F0200402210470477001F0DF
:10F390001FFB0028EED19DF81810304601F018FB35
:10F3A0000028E7D101F01EFBE7E700BF200E002098
:10F3B000A41E00201FB58DF80F30012300930DF11E
:10F3C0000F03FFF7C7FF05B05DF804FB37B5094D24
:10F3D0002B5C044643B1084AC0230093012103FB80
:10F3E00000230022FFF7B6FF002301202B5503B0B6
:10F3F00030BD00BFD81E0020B148002070B5384E87
:10F40000044656F82000012500F00F01BCB02A4642
:10F4100005FA01F120F00F0004F08AF856F82430C4
:10F4200023F00F0203F00F0305FA03F39BB21383DB
:10F4300000231A4603212046FFF7BCFFAA2313220C
:10F4400003212046FFF7B6FF032319461422204666
:10F45000FFF7B0FF0423152203212046FFF7AAFF80
:10F46000C023162203212046FFF7A4FF18260023FD
:10F470001A2203212046FFF79DFF32460DEB0600BE
:10F48000002105F025FD00220DEB06030096114634
:10F49000C0262046FFF75EFF324600210CA805F08B
:10F4A00017FD0CAB009629460C2600222046FFF7DC
:10F4B00051FF32460B490DEB060005F058FD0DEBF0
:10F4C00006030096002204212046FFF743FF2B4647
:10F4D000002203212046FFF76DFF3CB070BD00BF46
:10F4E000200E0020695C01085028F0B514D80B4CA0
:10F4F00004EB800514F820400948AF78EE786D7869
:10F5000004F003044FF0C00C0CFB04004155C2553D
:10F510008355044B01221A55F0BD00BFB95D0108A7
:10F52000B1480020D81E0020F8B505460E46174603
:10F53000002420463B46324629460134FFF7D4FFDB
:10F54000512CF6D1F8BD00002DE9F047284E06EB0E
:10F55000800416F82000657894F802E094F803C05F
:10F56000244C00F0030018264FEAD50906FB00469C
:10F5700005F0070A01254FEADE084FEADC0716F816
:10F5800009600EF0070E0CF0070C05FA0AF529B316
:10F590003543EEB2182101FB0041012501F8096055
:10F5A00005FA0EF511F80810DAB141EA0502D2B2F7
:10F5B000182101FB004101F80820CA5D012101FA70
:10F5C0000CF18BB142EA0103DBB2182202FB0044CA
:10F5D0000122E355084B1A54BDE8F08726EA0506D8
:10F5E000D8E721EA0502E3E722EA0103EDE700BFDD
:10F5F000B95D0108A81E0020A61E002038B5064DE2
:10F600002B5C04462BB1054BC02101FB0031FFF7F9
:10F61000DDFE00232B5538BDD81E0020B148002048
:10F6200037B5084D2B5C044643B1074A18230093B5
:10F6300003FB002300221146FFF78CFE00232B550D
:10F6400003B030BDA61E0020A81E002010B58021EA
:10F650001048012203F06CFF0E4A8023138301F04F
:10F660000FF90020FFF7CAFE0120FFF7C7FE0024B4
:10F670000123E0B21A4619460134FFF765FF512C09
:10F68000F6D10020FFF7CCFFBDE810400120FFF7C6
:10F69000C7BF00BF0004024008B50020FFF7AEFF5F
:10F6A000BDE808400120FFF7A9BF0000014B802200
:10F6B0005A83704700040240014B80221A8370472E
:10F6C0000004024000B110470847000038B54D79EA
:10F6D0000446002D43D1FCF7C3FDA4F5F043203BC5
:10F6E00000F02200142B3AD8DFE803F00B0F1417B8
:10F6F0001A1D202326292C2F3335370D0D0D0D0D06
:10F700000D00FFF7A5FC284638BD164A1649FFF73D
:10F71000D9FFF8E7144A1349F9E7144A1449F6E700
:10F72000134A1249F3E7134A1349F0E7124A114901
:10F73000EDE7124A1249EAE7114A1049E7E7114A90
:10F740001149E4E7104A0F49E1E70120FFF7BAFB4E
:10F75000D9E70220FAE70520F8E70A20F6E70125B5
:10F76000D1E700BF11EF0008E9EE000879EF0008CB
:10F7700055EF0008CDEF0008A5EF0008F1F00008F4
:10F78000B1F0000845F1000825F100082DE9F0412D
:10F790004FF0120C46180546194610460027B54290
:10F7A00001D3BDE8F08115F8013B83EA0002A2FB1A
:10F7B0000C834801540114EB080440EAD2600CFBAE
:10F7C000013343EB00034FEAC218A4184FEAC110FB
:10F7D00041EB03034FEA022E40EA526014EB0804A7
:10F7E0004FEA012143EB000341EA126114EB0E04DE
:10F7F00043EB01030EEB03013819D0E74FF49650A9
:10F8000001F0E4BF38B5164C01232370002522789F
:10F81000EBB29A4209D8FFF7F1FF25781148124C54
:10F820000022D3B2AB420ED338BD0F4820224FF492
:10F83000004103F07DFE0C4820224FF4804103F08C
:10F8400077FE0135E3E7216923695B0B03F00203CF
:10F85000C1F3C0310B4300F8013B0132E1E700BFC7
:10F86000DB1E0020DD1E0020000402402DE9F04FC9
:10F870004FF00009534E544F89B04D46534B1B78FF
:10F880005FFA89F4A34203D8284609B0BDE8F08F97
:10F8900032693369DFF840815B0BC2F3C03203F099
:10F8A000020313433A5D02F00301994203D118F8B1
:10F8B000041000297ED043EA8203DBB2DFF81CA1EA
:10F8C00043493B5503F00F028A5C1AF804100A44BE
:10F8D00051B2033202F0FF02062A0AF8041003D8DC
:10F8E00003F00303032B6AD1002966DD394A8DF842
:10F8F0000840135D4FF0FC0B013313558DF809B030
:10F9000000F03EFF40F20313ADF80C30ADF80A00F2
:10F91000DDE90201FBF7F2FDC82002F0A6F98DF83F
:10F9200000408DF801B000F02BFF0323ADF8043048
:10F93000ADF80200DDE90001FBF7E0FDC82002F0B0
:10F9400094F901231AF90420002A2CDA214A8DF8AF
:10F950001840135D4FF0FD0B013B13558DF819B0A6
:10F9600000F00EFF4FF48173ADF81C30ADF81A00B3
:10F9700008AB13E90300FBF7C1FDC82002F075F9DD
:10F980008DF810408DF811B000F0FAFE0223ADF8AA
:10F990001430ADF81200DDE90401FBF7AFFDC8201B
:10F9A00002F063F9012300220AF804201D4300231A
:10F9B00008F8043009F1010960E70023C2E70023D9
:10F9C000F4E700BF00040240DD1E0020DB1E002023
:10F9D000B8640108DA1E0020DE1E0020DC1E0020B4
:10F9E0000D4B1A691B695B0BC2F3C03203F00203B3
:10F9F00013430A4A115C43EA8103DBB213540849FA
:10FA0000084A03F00F03CB5C115C0B441354064B04
:10FA100001221A54704700BF00040240DD1E00207E
:10FA2000B8640108DC1E0020DE1E002001207047A3
:10FA300008B5FFF7FBFF08BD0B4B70B519690B4C00
:10FA40000B4D23786FEAD10101F00106B342314634
:10FA50002E7000D138B10020FBF786FB3046FFF74F
:10FA6000E7FF2B78237070BD00000240DF1E0020EE
:10FA7000E01E002008B505482022082103F058FDAB
:10FA8000BDE808400120FFF7D7BF00BF00000240DB
:10FA900047F61643984210B50C461BD1FCF7E0FB25
:10FAA00062790D4B72B100F0AA00002813BF012249
:10FAB0000022292035201A7000F022FDFCF7A8FC56
:10FAC000002010BD1B78002B0CBF2920352000F032
:10FAD0002FFDF3E70120F4E7E11E002038B50546CD
:10FAE0004879002800F0DC80A5F5E045ABB2222B78
:10FAF00000F2BB80FCF726FD6A4C013D2080212DE1
:10FB000012D8DFE805F04DBD551B1F59235D692F45
:10FB1000B5336D3771973B759F417B8327612B65AB
:10FB2000477F8EA9B31651C5237843F00103237094
:10FB300095E0637843F00803637090E0237843F026
:10FB40000203F4E7237843F00403F0E7237843F05B
:10FB50000803ECE7637843F00103EDE7637843F0D3
:10FB60000203E9E7237843F01003E0E7237843F04A
:10FB70002003DCE7237843F04003D8E7FBF7BAFF24
:10FB8000237843F08003D2E7237823F00C0343F07B
:10FB90000C03CCE7637823F0030343F00303CBE7C4
:10FBA000237823F00103C2E7637823F00803C3E757
:10FBB000237823F00203BAE7237823F00403B6E79F
:10FBC000237823F00803B2E7637823F00103B3E757
:10FBD000637823F00203AFE7237823F01003A6E74E
:10FBE000237823F02003A2E7237823F040039EE745
:10FBF000FBF780FF237823F0800398E7237823F036
:10FC00000C0394E7637823F0030395E72378C3F3A9
:10FC1000800282F00102D2B262F3820362F3C30374
:10FC200085E76378DA4302F0010262F3000362F3CE
:10FC3000410381E72378C3F3801282F0010262F36B
:10FC4000861374E7FBF756FF2378C3F3C01282F0E4
:10FC5000010262F3C7136AE70120FCF7D7FC208892
:10FC6000FCF773FCFBF746FF002038BD0020F4E7EB
:10FC70002378C3F3001282F0010262F3041356E703
:10FC80002378C3F3000282F0010262F300034EE71F
:10FC90006378C3F3C00282F0010262F3C3034BE74F
:10FCA0000120E2E70A48002000EB4003C3EB031306
:10FCB00000EB830083B200B2002807DA803800B27C
:10FCC0000028B8BFFF30001240B2704703F1800037
:10FCD000C0F30720F8E70000164B1B78D90707D5BB
:10FCE000154B187840007F2820D808B3C0B2704761
:10FCF0009A0703D5104B18788000F4E75B0703D50B
:10FD00000D4B1878C000EEE70C4B1B7863B10C4A22
:10FD10000949127808789342F4D210FB03F0C0002E
:10FD2000B0FBF2F080B2DEE70820DFE77F2070470B
:10FD300001207047E81E00202F0E0020E71E002043
:10FD40002E0E0020144B1B78D90705D5134B1878BD
:10FD50008008F8B1C0B270479A0703D50F4B1878E6
:10FD60004008F6E75B0705D50C4B18787F28F0D9DB
:10FD70007F2070470A4B1B7853B10A4A0749127813
:10FD8000087893423CBF10FB03F0B0FBF2F0EDE7C4
:10FD90000120DFE701207047E81E00202B0E002025
:10FDA000E61E00202A0E002010B52B4CE278A37826
:10FDB0001343627913432279134305D0274B08225A
:10FDC0001A70274B01221A70A0F1CD03122B0FD805
:10FDD000DFE803F00A0F12172A2A2A2A2A2A2A2AD7
:10FDE0001A1E222731373C00FFF776FF4042E070B1
:10FDF00010BDFFF771FFFAE7FFF76EFF4042A070FA
:10FE0000F6E7FFF769FFFAE7FFF79CFF2071EFE7DE
:10FE1000FFF798FF4042F9E7FFF794FF4042607117
:10FE2000E6E7FFF78FFFFAE76278D13801238340D6
:10FE300013436370DCE70B4A137843F0010313703C
:10FE4000D6E7084A137843F00203F8E7054A137827
:10FE500043F00403F3E700BFE91E0020E71E002083
:10FE6000E61E0020E81E0020414BCD2893F9032018
:10FE700012D1002A01DA0022DA70D9789A780A437E
:10FE800051B20AB93B4A11701A795B7913435AB2DD
:10FE90000BB9394B1A707047CE2802D1002AEADC20
:10FEA000EBE7CF2893F9022004D1002AE5DA0022FB
:10FEB0009A70E2E7D02802D1002AF8DCDDE7D928E1
:10FEC00093F9042004D1002AD7DD00221A71D4E767
:10FED000DA2802D1002AD0DAF7E7DB2893F90520E7
:10FEE00004D1002AC9DA00225A71C6E7DC2802D1FF
:10FEF000002AF8DCC1E7D1380E28BED801A252F89A
:10FF000020F000BF41FF000841FF000841FF00084A
:10FF100041FF000841FF000841FF000841FF0008C1
:10FF200041FF00087BFE00087BFE00087BFE000806
:10FF30007BFE00084FFF00085BFF000865FF00081C
:10FF40005A780121814022EA01025A7095E70B4953
:10FF50000A7822F001020A708FE708490A7822F035
:10FF60000202F8E705490A7822F00402F3E700BF2D
:10FF7000E91E0020E71E0020E61E0020E81E0020EB
:10FF800008B500F0FDFB094B9A78D9780A431CBFED
:10FF9000074A10801A795B791A431CBF054B1880F9
:10FFA000BDE80840014800F0BBB900BFE91E0020D1
:10FFB000E41E0020E21E002008B5062205480021AC
:10FFC00004F086FF044A00231370044A1370044AA5
:10FFD000137008BDE91E0020E71E0020E61E002069
:10FFE000E81E002090F902305BB990F9033043B964
:10FFF00090F904302BB990F90500003818BF0120A2
:020000040801F1
:10000000704701207047000037B5524C0622214648
:10001000684604F0ACFF00239DF80320A370E37052
:10002000237163719DF8023013430AD04A4B18883C
:1000300000F0ABFB49490B783BB3494A1278904238
:100040002DDC9DF804309DF8052013430BD0454B63
:10005000188800F09AFB44490B78002B47D0434A9C
:10006000127890424DDC3B48694600F0AFFA18B96F
:100070003848FFF7B7FF08B1FFF782FF062269464D
:10008000344804F074FF03B030BD394A127802EBF3
:100090008202B0EB420FD4DD01330B7001E0FF2B85
:1000A000FAD19DF902503DB1FFF716FE002DD4BFE5
:1000B000FF2301234343A3709DF903503DB1FFF794
:1000C0000BFE002DD4BFFF2301234343E37094F9BB
:1000D00002000028B5D094F90320002AB1D0FFF720
:1000E000E3FDA0701046FFF7DFFDE070A9E7214AAD
:1000F000127802EB8202B0EB420FB4DD01330B70D9
:1001000001E0FF2BFAD19DF904503DB1FFF71AFE33
:10011000002DD4BFFF230123434323719DF90550D4
:100120003DB1FFF70FFE002DD4BFFF230123434352
:10013000637194F90400002895D094F90520002AF1
:1001400091D0FFF7B1FD20711046FFF7ADFD607152
:1001500089E700BFE91E0020E41E0020E71E002002
:10016000300E0020E21E0020E61E00202C0E002093
:10017000310E00202D0E0020F8B5144642799DF86E
:1001800018701D46284B92B11C7000F0F9FA274BED
:10019000188004F12003DBB2072B44D804F00704D5
:1001A0000120A040C0B2BDE8F840FBF772BA1E784B
:1001B000A6422ED11D4B188800F0E7FAC72828D890
:1001C000AE4205F1200415D006F12003DBB2072B67
:1001D00006D806F007060120B040C0B2FBF762FA6D
:1001E000E3B2072B06D805F0070301209840C0B200
:1001F000FBF74FFA3846E4B2FBF743FA072C12D864
:1002000005F007050120A840BDE8F840C0B2FBF7A3
:1002100049BA04F12003DBB2072B04D804F0070429
:100220000120A040F0E7F8BDF21E0020F01E0020E3
:100230000346A3F5F843183B07B50846062B3BD801
:10024000DFE803F0171E0410252C3300262300934B
:10025000E1231A4647F61A41FFF78EFF002003B04C
:100260005DF804FB27230093E5231A4647F61B415C
:10027000F2E726230093E022E12347F61841EBE75B
:1002800027230093E422E52347F61941E4E72623D8
:100290000093E222E12347F61C41DDE72723009388
:1002A000E622E52347F61D41D6E728230093E52201
:1002B000012347F61E41CFE74B7913B1024B0022D1
:1002C0001A700120CBE700BFF21E0020014B18601E
:1002D000704700BF001F0020014B1868704700BF27
:1002E000001F0020024B186808B1036818477047C8
:1002F000001F002008B5FFF7F5FF08BD024B1B6883
:100300000BB15B6818477047001F0020034A126852
:100310001AB106210170936818477047001F00202A
:10032000034A12681AB102210170D3681847704756
:10033000001F0020084A1188814203460BD010801C
:10034000064A12683AB10648032143701B0A8370BB
:100350000170136918477047FC1E0020001F002021
:10036000F61E0020084A1188814203460BD01080F7
:10037000064A12683AB10648042143701B0A83708A
:100380000170136918477047FA1E0020001F0020F3
:10039000F31E0020034B1878034B1B781844C0B29F
:1003A000704700BF401500203F150020F8B1104BEA
:1003B0001B7833B10F4B1B781BB1EF284FEAD002EB
:1003C0000BD90D4B1B685A1C073312F8011F8142D1
:1003D0000CD09A42F9D100207047084B1B68134497
:1003E00000F007029B781341DB07EAD50120704734
:1003F000320E00203F150020000E0020FC0D0020D2
:1004000030B50022441C4FF0FF3314F8015F8D42D9
:1004100014D0B3F1FF3F01D105B953B20132062A1E
:10042000F3D15A1C0AD0064A18441378817043F05D
:1004300001031370034A13780133137030BD00BFFA
:100440000848002040150020F0B50C4F0C4E3C78B9
:1004500033780025421CAC46073012F801EF8E4578
:1004600006D1013B82F800C044F00104DBB2012553
:100470008242F2D10DB13C703370F0BD08480020CB
:1004800040150020EF294FEAD10310D8184401F09D
:100490000701827801238B401343054A8370137848
:1004A00043F002031370034A13780133137070474B
:1004B000084800203F150020EF2910B54FEAD1036E
:1004C00018D8C21801F00701947844FA01F313F028
:1004D00001000ED0012000FA01F124EA0104947019
:1004E000054A137843F002031370044A1378013B62
:1004F000137010BD0020FCE7084800203F150020C5
:10050000074B1B7801463BB1064B1B78062B03D1EA
:10051000054B1868FFF7B6BF044B1868FFF770BFAC
:10052000320E002040150020FC0D0020000E00209F
:1005300010B50B4B1B78044633B90A4B214618689B
:10054000BDE81040FFF780BF074B1B78002BF4D0AD
:10055000064B01461868FFF7AFFF0028EDD010BD2D
:10056000320E0020000E00203F150020FC0D002060
:1005700008B5114B18681E220021023004F0A8FCB7
:100580000E4A137833B10E490B7843F002030B7017
:10059000002313700B4B186806220021023004F070
:1005A00097FC094A137833B105490B7843F00103EE
:1005B0000B700023137008BDFC0D00203F150020B8
:1005C00008480020000E00204015002042784B789B
:1005D0009A421DD190F902301BB191F902209A4242
:1005E00016D190F903301BB191F903209A420FD133
:1005F00090F905301BB191F905209A4208D190F984
:10060000040030B191F90430181A18BF0120704766
:1006100001207047704708B5FFF7FCFF08BD0000D8
:1006200008B50130024BC0B21870FFF7F4FF08BDE7
:10063000041F002008B5034B03201870FFF7EBFFE1
:1006400008BD00BF041F0020FFF7EABF08B5034B39
:1006500001201870FFF7DFFF08BD00BF041F002056
:10066000FFF7F4BF7047704708B5FAF727FD08BDDC
:10067000704708B5FFF7FCFF08BD10B5FFF7F2FFA4
:10068000FCF7A8FBFFF7EFFF0024E0B2FCF7EEFA5F
:1006900018B90134062CF8D110BD0120FCE708B5CB
:1006A00001F00EFCBDE8084001F052B808B5FAF7B9
:1006B000CEFEBDE8084040F2A46001F0D6BA08B50D
:1006C000FBF7F2FDFBF71EFEFFF752FFFFF774FC8E
:1006D0000020FFF72FFE0020FFF744FEBDE8084092
:1006E000FAF7C1BE08B5302383F3118801F0FDFB92
:1006F000044B054A186000231360044A136083F317
:10070000118808BD101F00200C1F0020081F0020AA
:10071000FFF7E8BF38B5302383F31188124C01F09E
:10072000E4FB124923680A68C01A8242104A0AD9B7
:10073000A3F58333E03B156823600E4B00F583304F
:100740002B44E030136008601568002181F31188A4
:10075000094C0A4A4FF47A7CE0FB0C410023204606
:10076000F7F7FAFC284438BD101F00200C1F0020AA
:10077000081F002088598F029F860100A086010073
:1007800008B5FFF7C7FF80B208BD10B50446FFF7F4
:10079000C1FF001B80B210BD10B50446FFF7BAFFC1
:1007A000001B10BDBFF34F8F0549064BCA6802F40A
:1007B000E0621343CB60BFF34F8F00BFFDE700BF84
:1007C00000ED00E00400FA05014B024A1A60704790
:1007D000FCFF0020EFBEADDE034B1868034BC31ACD
:1007E00058425841704700BFFCFF0020EFBEADDE0D
:1007F000014B00221A607047FCFF002008B5FFF78C
:10080000E3FFFFF7CFFF08B5FFF7CCFF08B5FFF711
:10081000E3FF80B3FFF7ECFF72B6BFF34F8FBFF378
:100820006F8F154B5A6A22F480325A62D3F89420A3
:1008300022F00102C3F894204FF0E022002313615C
:100840004FF0FF31936153619A0002F1604202F56B
:1008500061420133082BC2F88010C2F88011F3D135
:10086000002383F31488054B1A6882F3088862B664
:100870005B689847FEE708BD00ED00E00000FF1F41
:10088000184B10B51C785CBB01221A701648224622
:10089000202102F04DFE14482246802102F048FE3D
:1008A00022464021104802F043FE4FF47A7001F0D6
:1008B000DCF90D4840F29A22202102F039FE0A4864
:1008C00040F29A22802102F033FE074840F29A2239
:1008D000402102F02DFE054801F02DFD044B1C7057
:1008E00010BD00BF141F002000000240C84B0020B4
:1008F000301F002070B5334E0546307800285FD198
:100900006C1C2FD002249C422DD3A31EFE2B29D871
:10091000022A2D4B4FEAC11128D0032A29D0012ADF
:1009200008BF41F00101202C99823DD024D8082C29
:1009300032D0102C34D0042C29D0012405F00F0122
:10094000196125F00F00224604FA01F1D8603470D5
:1009500002F0EEFD1C491D4801F0DCFC1B4801F0D3
:10096000F8FC204670BD6400A4B2CCE741F002015F
:10097000D9E741F00301D6E7802C19D0B4F5807F88
:100980001AD0402CD9D19A8A42F0280202E09A8AE1
:1009900042F008029A82D0E79A8A42F01002F9E700
:1009A0009A8A42F01802F5E79A8A42F02002F1E7AB
:1009B0009A8A42F03002EDE79A8A42F03802E9E77B
:1009C0000020CFE7301F0020181F0020C84B002058
:1009D00008B50246024801F0FCFC002008BD00BF3B
:1009E000C84B002010B5064C23783BB1054801F0F8
:1009F000BEFC044801F09FFC0023237010BD00BF23
:100A0000301F0020C84B00207047000070B590F8E0
:100A1000442002F07F03212B04464CD112F0800FBA
:100A200090F845301BD0022B15D0032B05D0012B9D
:100A300015D1BDE8704000F0B9BC90F8483090F88E
:100A4000491053EA012336D1314A82630122E2631D
:100A50002364012070BDBDE8704000F0D5BD0A2BB5
:100A600020D00B2B0FD0092B25D194F8483094F8C7
:100A7000491043EA012323F00203E3B9254BA363A2
:100A80000222254BE3E794F8492094F8483053EAD2
:100A9000022302BF1E4B94F846201A700022A26364
:100AA0000023D4E71D4B94F847201A702046BDE878
:100AB000704000F0D1BD02F09F02812A18D194F855
:100AC0004530062B14D194F84920616894F84830D9
:100AD0004D6894F8461043EA0223204694F84720D4
:100AE000A84708B90020B5E743680268A363D7E7C1
:100AF0000B4E0325D6F89C3023B9013D06F1A8061C
:100B0000F8D1EFE7204698470028F6D0A1E700BFCC
:100B1000320E00203C1F0020690B0108401F0020FE
:100B2000D00E0020F8B50F4C2346002243F8042FC6
:100B300090F84B7090F8496090F8465090F84A2031
:100B400090F8481090F8470042EA072241EA06214F
:100B500045EA002000F0B8F920606068002818BF5E
:100B60002046F8BD341F002090F84A2090F84B0032
:100B7000084942EA0022022A0B7807D1012B01D052
:100B8000062B05D1044B4A781A707047024A13703D
:100B9000704700BF3C1F00203F1F002010B5064AD1
:100BA000064C117824784B1C03F00F039C421EBFA7
:100BB000034C1370605410BD414A0020424A00208B
:100BC000314A002008B50846052939D8DFE801F088
:100BD000203803202039302383F31188234800F084
:100BE00063FA234800F060FA224800F05DFA2248D8
:100BF00000F06AFA002383F31188204B1B7813B1AD
:100C00000520FFF7CBFF0220BDE80840FFF7C6BF75
:100C1000FFF7C4FF302383F3118810B9184B01226A
:100C20001A70124800F019FA114800F016FA11482B
:100C300000F013FA104800F024FA002383F311881F
:100C400008BD302383F31188084800F027FA0848CC
:100C500000F024FA074800F021FA074800F021FAD2
:100C6000002383F311880520CEE700BFD00E0020BB
:100C7000780F002020100020480E00203E1F00208A
:100C8000320E002008B510220448002104F020F99B
:100C9000034A00231370034A137008BD314A002031
:100CA000414A0020424A0020F8B5284D284C2E78B1
:100CB00023780022B3422FD102B12370F8BD2370F4
:100CC000244B1870244B93F84F10081E18BF0120B6
:100CD000FFF7B0FCEBE723701E4B00221A70FFF702
:100CE000EEFC1D4B93F84F10081E18BF0120FFF7B4
:100CF000ABFCDCE72370184B93F84F10081E18BFAD
:100D00000120FFF78DFCD2E7002123700846F8E7A9
:100D10002370FFF79BFCCAE7104819460122415C8B
:100D2000013303F00F0310460529C3D801A757F874
:100D300021F000BF110D0108B50C0108F50C0108E8
:100D4000090D0108BF0C0108D70C0108414A002019
:100D5000424A00203E1F00205C4B0020314A002008
:100D600013B50446144800F029F9134800F056F969
:100D7000124800F023F9114800F050F90E4B03F52A
:100D8000A8731846019300F019F9019800F046F98C
:100D90000B4800F02FF90A4800F050F9204601F006
:100DA0004AFB41F2883000F060FF0649204602B05D
:100DB000BDE8104001F02CBBD00E0020780F0020C1
:100DC000480E0020C8640108014B1878704700BF26
:100DD0003F1F002037B5064C0023A825009305FBD4
:100DE000004042F2107300F0E6F903B030BD00BFDE
:100DF000D00E0020014608220120FFF7EBBF01467C
:100E000020220020FFF7E6BF014606220020FFF760
:100E1000E1BF014603220020FFF7DCBF20290A467C
:100E200003D101460220FFF7D5BF704700B589B056
:100E3000074800232022694600F027FA10B909B0BC
:100E40005DF804FB20216846FAF756F8F0E700BF8A
:100E5000480E0020FFF7DABC7047704708B5FFF76F
:100E6000F9FF03F0CDFCFFF7F7FF08BD08B503F06D
:100E700007FDFFF7F2FF08BDFFF7F2BB08B5FFF76C
:100E800001FF0648FFF76CFF054B064A1A6041F266
:100E90008830BDE8084000F0E8BE00BF5C4B002091
:100EA000441F0020340E0020014B1868FFF70EBAD3
:100EB000441F0020FFF7F8BE08B5FFF7B7FFBDE8F5
:100EC000084000F027BB0000020A032A0FD007D811
:100ED000012A27D0022A07D1144A5B201A607047E2
:100EE000212A10D0222A15D000200246F6E7C0B2EF
:100EF0000228F9D80E4A52F82020C0EBC00040006A
:100F0000043080B2EAE70229EED80A4A092052F8F2
:100F10002120E3E70229E7D8074A084852F82120B0
:100F2000405CDBE7064A1220D8E700BF3A650108BB
:100F3000F4640108E8640108DC640108D86401086D
:100F40009565010813B5446BD4F888201378042BF9
:100F500013D194F88C10128901238B4013420CD1C9
:100F600001A9204601F0A1F8024630B1019B94F896
:100F70008C10D4F8880001F0D7FA02B010BD10B57B
:100F8000026F1378042B044613D190F87410528921
:100F900001238B4013420CD100F0DEFF024640B12A
:100FA000E36994F87410206F043BBDE8104001F031
:100FB000A9BA10BD406BFFF7E2BF00001FB500F1FA
:100FC0005C03C36490F8843013B100F170030365CF
:100FD000074B0193D0F890300093D0F89820D0F8C8
:100FE00094300290012101F03DF805B05DF804FB5A
:100FF000450F01081FB500F15C030365064B019323
:10100000836F0093D0F88020C36F0290012100F01D
:1010100081FF05B05DF804FBB50F0108302383F3B1
:101020001188D0F8883090F88C2003EB8203986107
:10103000002380F8A03083F311887047302383F3B6
:10104000118890F87430026F093342F823000023AE
:1010500080F8843083F311887047012310B56FF056
:1010600001010372044600F040FE204601F011F831
:10107000D4F8A43023B1BDE81040DA6818681047EE
:1010800010BD10B50123044603726FF0010100F09A
:101090002CFE2046BDE8104000F053BF0023037231
:1010A000704700230372704710B500F1380290F8C2
:1010B0008C100446D0F8880001F0E6F9204600F0D4
:1010C000E8FF0023237210BD10B5044600F039FF7D
:1010D000002323722046BDE81040FFF750BF00EB0D
:1010E0008103F7B59C6905460E4684B3302383F32C
:1010F00011880023226984F8A03063699A4201D1E3
:10110000E368B3B905EB8603DB685B691B6883B1F1
:10111000D4F8A43053B101A9204600F0C6FFD4F89A
:10112000A430019A9F6801461868B847204600F02D
:10113000CAFF01A9204600F0B8FF024648B1019B52
:101140003146284601F0F0F9002383F3118803B0FB
:10115000F0BD05EB8603DB681A68022AF4D15A69F0
:101160001268002AF0D01B8A013B1340ECD105F134
:101170004402E5E701F1090210B550F82240CCB174
:10118000302282F3118800EB8103DB689B695B6886
:1011900053B1236F94F8742003EB82032046DB687D
:1011A0009B69596800F0E2FE2046FFF7E8FE002345
:1011B00083F3118810BD2DE9F8431D469DF820806A
:1011C00004460F461646302383F31188D0F8883042
:1011D0001B78042B4FF0000003D080F31188BDE88A
:1011E000F88394F8A03023B101354FF0FF3518BFD4
:1011F000002580F311882B4632463946204600F000
:101200009DFF86421DD9302383F3118894F8A030C6
:10121000002808BF43F0010384F8A03001232372A3
:101220006FF00101204600F060FD4FF000092046FC
:1012300000F02FFF84F8089000F082FC89F31188F9
:10124000D9E7B8F1000F01D00120C8E7204600F02F
:10125000B8FFF9E70346302282F311880169426939
:10126000914210D1C06850B1D3F8882093F88C30E7
:101270000120984013891840B0FA80F040090023FB
:1012800083F3118870470020F9E738B51546044606
:10129000302282F31188026F1278042A4FF0000086
:1012A00002D080F3118838BD94F8842022B1013334
:1012B0004FF0FF3318BF002380F311882A462046E1
:1012C00000F08FFEB0FA80F35B0984F884302B1AAB
:1012D00058425841E7E7F8B5076805460E461446F8
:1012E0005FB100F002FE78602868224684643146CF
:1012F0000830BDE8F84003F03ABEF8BD0168134677
:1013000031B18A6C9A64083103F1080003F02FBEF2
:10131000704710B50446006840B1826C0021083067
:1013200003F0D6FD236800221A605A6010BD2DE933
:10133000F0410F78082F06460C46154612D850F893
:101340002780B8F1000F0DD000F0CFFDC8F80400E1
:1013500056F827002A46856421460830BDE8F0414A
:1013600003F005BEBDE8F0810829134609D850F8FE
:10137000211031B18A6C9A64083103F1080003F03E
:10138000F6BD704770B5051F00F12004002655F822
:10139000040F38B1826C0021083003F099FD2B68EE
:1013A0001E605E60A542F2D170BD000038B590F8B5
:1013B0004830022B04461CD890F84610082918D84B
:1013C0000D4AD25C022A14D80C4BA82000FB023331
:1013D000D3F8A40060B10A4D436800682A469847D4
:1013E00005F10803A363AB6CE363002323640120CE
:1013F00038BD0020FCE700BF10130020D00E0020F5
:1014000078210020036843B19100196003490B78EB
:10141000002A18BF43F001030B707047C42100205D
:10142000006810B10068C0F387007047036870B5AA
:101430000BB9002070BD302383F3118803680025A9
:10144000D3E9004685F31188002CF2D000F04DFD61
:101450000849094A801B0E4629464FF47A75E0FB7D
:10146000056100233046F6F777FE84428CBF0020EA
:101470000120DFE79F860100A08601004B1E072B9D
:101480000BD850F8213043B19100196003490B7813
:10149000002A18BF43F001030B707047C4210020DD
:1014A000082906D850F8210020B10068C0F3870051
:1014B0007047002070470000082970B501D900204E
:1014C00070BD50F82130002BF9D0302383F3118800
:1014D00050F821300025D3E9004685F31188002C0F
:1014E000EDD000F002FD0949094A801B0E4629464D
:1014F0004FF47A75E0FB056100233046F6F72CFEC9
:1015000084428CBF00200120DAE700BF9F860100E3
:10151000A08601002DE9F84F384B1B78002B40D0F6
:101520000025374F2E464FF03008A946D7F8A44083
:10153000002C2FD0002D36D14FF0010A88F31188EE
:101540005FFA8AFB6369206859469847002818BFEC
:1015500046F0010689F311882948FFF77BFEA0B108
:10156000A36920685946984778B188F31188254ABD
:10157000636820685946984789F31188214B0020F9
:101580009A6C03F10801FFF725FC0AF1010ABAF190
:10159000090FD3D10135032D07F1A807C6D1174B89
:1015A0001E70BDE8F88F88F31188002163692068F8
:1015B0009847002818BF46F0010689F3118838467D
:1015C000FFF748FE0028E5D0A3692068002198476E
:1015D0000028DFD088F31188DFF828A0636820682E
:1015E00052460021984789F31188DAF848200AF119
:1015F0000801E8B2FFF7EEFBCCE700BFC4210020F2
:10160000D00E00202C21002010B590F84830022B7D
:10161000044619D890F84610082915D80B4AD25C10
:10162000022A11D80A4BA82000FB0233D3F8A400E9
:1016300048B1436900689847064BA36318700120BE
:101640000023E063236410BD0020FCE7101300209A
:10165000D00E00202821002010B590F84830022B31
:10166000044619D890F84610082915D80B4AD25CC0
:10167000022A11D80A4BA82000FB0233D3F8A40099
:1016800048B1036994F84720006898470023A36392
:10169000E3632364012010BD0020FCE71013002049
:1016A000D00E0020024B034A1A60034A5A6070476A
:1016B000444A0020004C002000000120094B30B5B6
:1016C0001C684D1E224449422A440A40596810446D
:1016D000884204D8A04202D31860104630BD0022D0
:1016E000FBE700BF444A002008B5302383F311888C
:1016F000FFF7E4FF002383F3118808BD70477047AC
:10170000FEE70000114AF0B5082000265168136872
:101710009468043B0D46AC4210D8E31C5B1ACD1E06
:1017200023F00303AC4238BF00230B44D168994235
:1017300009D8013802F11002E8D1F0BD53F8047F56
:1017400045F8047BE7E743F8046BF0E7C46601085B
:1017500038B5084C0123002523706560FFF7A2FF10
:101760000549064800F0FAF90223237085F3118831
:1017700038BD00BF504A002044670108584A002085
:1017800072B6034BD865034B03221A70FEE700BF05
:10179000584A0020504A002000F0EEB8EFF31180C4
:1017A00020B9EFF30583302282F31188704710B51A
:1017B00030B9EFF30584C4F3080414B180F3118841
:1017C00010BD00F0BDF984F31188F9E7034A5168B0
:1017D00053685B1A9842FBD8704700BF001000E0C6
:1017E000024AD36A0343D362704700BF584A0020BD
:1017F00010B503689C68A2420CD85C688A600B60D4
:101800004C60216059609968891A99604FF0FF33E4
:10181000836010BD1B68121BECE7022938BF022150
:1018200070B504460D460226601900F06FFB00F00B
:101830005CFB041BA54203D8751C2E460446F3E747
:10184000022E04D9BDE870400120FFF7C9BF70BD6A
:10185000F8B5144B1446D961826003F1100242605E
:10186000022C1A69026038BF0224506018610819FE
:101870000D4600F03EFB022700F037FB431BA3425E
:10188000064606D37C1C281900F040FB2746354647
:10189000F2E7022F04D9BDE8F8400120FFF7A0BF0E
:1018A000F8BD00BF584A002070B50D46064600F04E
:1018B0001CFB0F490B4653F8102F9A4206D12A46BB
:1018C00001463046BDE87040FFF7C2BFCB69C41A7D
:1018D0002C19936828BF2C46A34202D92946FFF74A
:1018E0009CFF224631460348BDE87040FFF780BFA9
:1018F000584A0020684A002010B4036100235DF8B4
:10190000044BC2604361FFF7CFBF000010B5194C14
:10191000236998420DD003684268816813605A6059
:101920009A680A449A60002303604FF0FF33A36172
:1019300010BD2346026843F8102F53600022026056
:1019400022699A4203D1BDE8104000F0DABA9368E8
:1019500081680B44936000F0C8FA2269E1699268DB
:10196000441AA242E4D91144BDE81040091AFFF715
:1019700054BF00BF584A00202DE9F843284E294F94
:10198000356900F0B2FAF469AA68011B8A423AD8B4
:101990002B6814446A68F46113605A6000232B605A
:1019A0003269BA42984601D100F0ABFA88F3118847
:1019B000EB68296928469847302383F311886B69BF
:1019C000002BDDD000F091FA6A69A0EB04084245D3
:1019D00081460CD20220FFF703FF00223369BB428D
:1019E00008D149462846BDE8F843FFF731BF2244F5
:1019F000121AF3E712EB08080A4838BF4246294694
:101A0000FFF7F6FEBBE73169B94207D01444211A4B
:101A1000F061A960BDE8F843FFF7FFBEBDE8F883B9
:101A2000584A0020684A0020002303758268036931
:101A30001B6899689142FBD25A680360426010604B
:101A40005860704700230375826803691B689968B2
:101A50009142FBD85A68036042601060586070473A
:101A600008B50846302383F311880A7D0023052A30
:101A700006D8DFE802F00B050503120E8269136039
:101A80004FF0FF338361FFF7CFFF002383F311880B
:101A900008BD8269936801339360426803681360EC
:101AA0005A60EDE7FFF7C0BF054BD96808751868A5
:101AB00002681A60536001220275D860F6F732BBE3
:101AC000584A002030B50C4BDD684B1C87B00446EB
:101AD0000FD02B46094A6846FFF70EFF2046FFF756
:101AE000E3FF009B13B16846FFF710FFA86907B03A
:101AF00030BDFFF7D9FFF9E7584A0020611A010805
:101B0000044B1A68DB6890689B68984294BF002079
:101B100001207047584A0020084B10B51C68D8684F
:101B200022681A60536001222275DC60FFF78AFF89
:101B300001462046BDE81040F6F7F4BA584A0020A6
:101B4000044B1A68DB6892689B689A4201D9FFF7D8
:101B5000E3BF7047584A002030BFFDE770B51B4B0C
:101B60000025044686B0856201630E46586000F089
:101B700059F904F11003236163614FF0FF33A3614E
:101B800024606460A560E562E56100F0AEF92B4673
:101B90000246C4E9082304F134010D4AE5658023B7
:101BA000204600F01BF80123E0600A4A037500920A
:101BB00072680192B268CDE90223074B6846CDE90D
:101BC000043500F03DF806B070BD00BF504A00205B
:101BD000795C01087E5C0108591B01088B600222B8
:101BE0004B62002308618A820B62CB610846704712
:101BF0008368C168A3F18C0243F81C2C026943F886
:101C00004C2C426943F8482C0B4A43F82C2C0222F6
:101C10000A4803F8142C002243F8180C43F8201C3F
:101C200003F8132C43F8041C43F8082C43F80C2C3D
:101C3000A3F12800704700BF3D810008584A0020EA
:101C400008B5FFF7D5FFBDE80840FFF72BBF000040
:101C5000024BDB6898610F20FFF726BF584A00202F
:101C6000302383F31188FFF7F3BF08B50146302313
:101C700083F311880820FFF725FF002383F31188E1
:101C800008BD0000054BDB6821B1036098610320AB
:101C9000FFF718BF4FF0FF30704700BF584A0020D1
:101CA0000346006820B100221A608161FFF7FABE86
:101CB00070470000064BDB6839B1426818605A6013
:101CC000136043600420FFF7FDBE4FF0FF30704704
:101CD000584A002003460068834205D002681A6013
:101CE00053608161FFF7DEBE704738B504460D468C
:101CF0002068844200D138BD036823605C60856140
:101D0000FFF7D0FEF4E710B503461B68984203D0F6
:101D10009C688A689442F8D25A680B604A601160E5
:101D2000596010BD00230060406083607047000070
:101D300038B58168164B0446DD6891B92B6A856019
:101D4000C360286238BD8B600B7D7BB1062B14D13C
:101D50000B684A68886913605A60FFF7D4FF8B6983
:101D60009968AB688A689A42EDD306E04A680B68C6
:101D7000136008465A60FFF795FE20462946FFF794
:101D8000C2FFAC610620BDE83840FFF78DBE00BF42
:101D9000584A002008B5302383F31188FFF7C8FFA5
:101DA000002383F3118808BD154A10B5D168034696
:101DB000302282F31188C26800680A6298421BD000
:101DC000486A82B98860186802681A605360026ABB
:101DD0009860DA600362FFF765FEFFF7B1FE00234B
:101DE00083F3118810BD1468A24203D0A468A042F6
:101DF00038BF2046D268E4E700238360EFE700BFE6
:101E0000584A0020EFF3098305494A6B22F001028A
:101E10004A63683383F30988002383F3118870478A
:101E200000EF00E0302080F3118862B60C4B0D4AC1
:101E3000D96821F4E0610904090C0A43DA60D3F897
:101E4000FC20094942F08072C3F8FC200A6842F085
:101E500001020A602022DA7783F82200704700BF6F
:101E600000ED00E00003FA05001000E010B530239B
:101E700083F311880E4B5B6813F4006314D0F1EE0A
:101E8000103AEFF30984683C4FF08073E361094B2B
:101E9000DB6B236684F30988FFF732FE10B1064B33
:101EA000A36110BD054BFBE783F31188F9E700BF81
:101EB00000ED00E000EF00E04F81000852810008D3
:101EC00008B500F0F1FE01F025FB00F0D9F900F0B3
:101ED00017FA00F08FFA00F007FAFEF7C7FFBDE827
:101EE000084000F000B802F043BC4FF08043586A4D
:101EF00070474FF08043002258631A610222DA6073
:101F000070474FF080430022DA6070474FF0804303
:101F10005863704730B5039C0172043304FB0325FA
:101F2000C361049B03630021059B00604060C160A6
:101F3000426102618561046242628162C1624363FF
:101F400030BD416A416100220161C2608262C262A9
:101F50006FF00101FFF7C9BE03694269934201D1E5
:101F6000C2680AB9181D70470020704703691960DC
:101F7000C2680132C260C26913448269036193423C
:101F800024BF436A03610021FFF7A4BE38B50446AD
:101F90000D46E3683BB16269131D1268A3621344E6
:101FA000E362002007E0237A33B929462046FFF791
:101FB00081FE0028EDDA38BD6FF00100FBE7C36851
:101FC000C269013BC3604369134482694361934220
:101FD00024BF436A436100238362036B03B1184744
:101FE00070472DE9F84F04460F4691469A464FF048
:101FF000300888F311880026B346A56A4DB95146CA
:102000002046FFF7C3FF20B185F311883046BDE8B5
:10201000F88FA16AE56AA9EB06036D1A9D4228BFF5
:102020001D46402D15D93846402202F0A0FFA36A74
:10203000403740334036E26AA3629A4202D82046D3
:10204000FFF7BDFF8BF311884E45DFD288F311886F
:10205000D3E738462A4602F08AFFA36A2F442B446E
:102060002E44E8E710B5029C0172043303FB0421FF
:10207000C36100238362C362039B0363049B00600C
:102080004060C460426102618161046242624363F4
:1020900010BD026AC260426A42610261002282622D
:1020A000C2626FF00101FFF720BE034640691A6962
:1020B000824201D1DB681BB950F8043B0B607047CA
:1020C00000231846FAE7C368C2690133C360436955
:1020D000134482694361934224BF436A43610021F0
:1020E000FFF7F8BD38B504460D46E3683BB12369F8
:1020F0001A1DA262E2691344E362002007E0237A1A
:1021000033B929462046FFF7D5FD0028EDDA38BD62
:102110006FF00100FBE703691960C268013AC26011
:10212000C269134482690361934224BF436A036115
:1021300000238362036B03B1184770472DE9F84F02
:1021400004460F4691469A464FF0300888F31188AE
:102150000026B346A56A4DB951462046FFF7C2FF97
:1021600020B185F311883046BDE8F88FA06AE56A92
:10217000A9EB06032D1A9D4228BF1D46402D17D9F5
:102180003946402202F0F3FEA36A4037403340361E
:10219000E26AA3629A4204D8E16920460439FFF753
:1021A000BAFF8BF311884E45DDD288F31188D1E751
:1021B00039462A4602F0DBFEA36A2F442B442E4404
:1021C000E6E708B5302282F31188816A29B10369F4
:1021D0000439C91A01D0FFF79EFF002383F3118849
:1021E00008BD000037B5044640F2E735236801A971
:1021F0009B6920469847012810D101980849AC46B0
:102200004FF0000EE0FB01CE4FF47A7200237146CE
:102210006046F5F7A1FFFFF728FDE7E703B030BD03
:10222000A0860100036810B55B680C469847C36838
:1022300013B153F8340010BD00696043FBE7036835
:1022400010B55B680C469847C3681BB103EBC40329
:10225000586810BD0069FCE7036810B55B680C4660
:1022600098474069204410BD08B50C30FFF79CFD2D
:10227000002008BD08B50C30FFF78CFD002008BD1C
:1022800000F0F4BD034B0360012303710C30FFF732
:1022900049BD00BF5067010810B53023044683F3E1
:1022A0001188816000F010FE02232371002080F36A
:1022B000118810BD10B53023044683F3118800F057
:1022C00017FE01232371002383F3118810BD000042
:1022D000044B00F00F0043F8301003EBC0035A60CA
:1022E000704700BFDC4A002001F078BF014B03605B
:1022F000704700BF1413002001F0ACBF02F016B805
:1023000002F05EB9012303700023436083600C3048
:10231000FFF708BD10B53023044683F311884160F0
:1023200002F064F9002814BF012302232370002364
:1023300083F3118810BD10B53023044683F3118850
:1023400002F0BAF9002301226360227083F311883E
:1023500010BD302383F3118843681969DA680123BB
:102360008B409BB25383002383F311887047302343
:1023700083F3118843681969DA6801238B409BB2A3
:102380001383002383F31188704710B4032404706F
:102390005DF8044B02F0B6B90323037002F0CDB927
:1023A0000378032B02D10830FFF76CBC0020704784
:1023B00038B50446302585F31188FFF7E6FF20B9CC
:1023C0004FF0FF312046FFF7EBFF002383F3118826
:1023D00038BD10B53023044683F31188FFF7DCFFC6
:1023E00020B94FF0FF312046FFF7DAFF002383F3D7
:1023F000118810BD01F09CB9012303700023C36153
:1024000083620362C3624362036343608360704715
:1024100038B50446302383F3118800254160C56038
:1024200005614561856101F093F90223237085F30D
:102430001188284638BDF8B50446302383F3118847
:10244000254601F0EBF900260123666005F8083BFC
:102450001834374655F8043F73B1586920B16FF00E
:1024600001010C30FFF71CFC2B68986920B16FF05C
:1024700001010C30FFF714FCA5422E60EAD1FFF7F2
:102480005FFB87F31188F8BD70B500EB810305464B
:102490005069DA600E46144618B11422002102F089
:1024A00017FDA06918B11422002102F011FD314678
:1024B0002846BDE8704001F037BAF8B5836803F0EC
:1024C00001130446836000F10C0500F11806002793
:1024D00055F8043F73B1586920B16FF001010C3019
:1024E000FFF7DEFB2B68986920B16FF001010C301B
:1024F000FFF7D6FBB5422F60EAD12046BDE8F84091
:1025000001F09ABAF0B400EB81044789E468012530
:10251000A4698D403D43458123600023A260636030
:10252000E360F0BC01F0B0BAF0B400EB81040789BD
:10253000E468012564698D403D43058123600023E3
:10254000A2606360E360F0BC01F030BB10B50378BB
:10255000052B044618D1436DD3F8042842F001023C
:10256000C3F804285A6942F008025A619A6942F095
:1025700008029A61C820FFF778FB626DD2F8043830
:1025800023F00103C2F8043810BD2DE9F0470546D9
:10259000002602230370C66445F8086F044600F164
:1025A00018074FF03008B14655F8043F9BB188F347
:1025B00011882B68586920B16FF001010C30FFF7CA
:1025C0006FFB2B68986920B16FF001010C30FFF7A9
:1025D00067FB89F31188BD422E60E5D184F8346031
:1025E000204601F03DF963681B6823B120460021B5
:1025F000BDE8F0471847BDE8F087F8B50378052B2C
:10260000044627D080F850300523037043681B68C8
:102610000BB1042198472546002645F8086F183469
:10262000302755F8043F9BB187F311882B68586910
:1026300020B16FF001010C30FFF732FB2B68986975
:1026400020B16FF001010C30FFF72AFB86F31188EF
:10265000A542E6D1F8BD0178052906D190F85020B1
:10266000436802701B6803B11847704770B590F853
:102670003430044613B1002380F8343004F14402AE
:10268000204601F0F8F963689B68B3B994F84430C8
:1026900013F0600539D00021204601F0CBFC002169
:1026A000204601F0BDFC63681B6813B1062120467B
:1026B0009847062384F8343070BD20469847002898
:1026C000E4D094F84A3094F84B20E56B43EA0223B7
:1026D0009D4284BFE3631D4694F94430002B4FF0C4
:1026E000300380F20881002D00F0F780092284F881
:1026F000342083F311880021E36BA26B2046FFF79F
:1027000013FF002383F31188D6E794F8452003F0E4
:102710007F0343EA022340F20232934200F0CA8070
:1027200021D8B3F5807F4DD00DD8012B44D0022B9A
:1027300000F09880002BAED104F14C02A26302227B
:10274000E2632364BDE7B3F5817F00F0A080B3F5B9
:10275000407FA0D194F84630012B9CD1B4F84C3086
:1027600043F0020337E0B3F5006F52D01CD8B3F545
:10277000A06F36D0A3F5C063012B8CD894F8492004
:10278000616894F848304E6894F8471043EA022391
:10279000204694F84620B04700283FF47CAF4368B9
:1027A000A3630368E3631AE0B3F5106F36D040F615
:1027B000024293427FF46FAF5B4BA3630223E36358
:1027C0000023BEE794F84630012B7FF464AFB4F8E1
:1027D0004C3023F00203A4F84C30A563E563256474
:1027E0006FE7B4F84430B3F5A06F0ED194F84630DB
:1027F00084F84E30204601F08BF863681B6813B1F3
:10280000012120469847032323700023A363E36339
:1028100097E704F14F03A3630123C3E72378042B55
:1028200010D1302383F311882046FFF746FE85F34D
:1028300011880321636884F84F5021701B680BB125
:102840002046984794F84630002BDED084F84F306D
:102850000423237063681B68002BD6D00221204616
:102860009847D2E794F848301D0603F00F01204640
:102870000AD501F0F3F8012804D002287FF40BAF49
:102880002A4B9AE72A4B98E701F0DBF8F3E794F834
:102890004630002B7FF4FFAE94F8483013F00F0160
:1028A000B3D01A06204602D501F0D8FBADE701F0FF
:1028B000CBFBAAE794F84630002B7FF4ECAE94F8FB
:1028C000483013F00F01A0D01B06204602D501F0BE
:1028D000B1FB9AE701F0A4FB97E7142284F83420B7
:1028E00083F311882B462A4629462046FFF70AFE25
:1028F00085F31188E0E65DB1152284F8342083F376
:1029000011880021E36BA26B2046FFF7FBFDF8E680
:102910000B2284F8342083F311882B462A4629465B
:102920002046FFF701FEE3E77C6701087A670108AC
:102930007867010838B590F834300446002B42D04F
:10294000063BDAB20F2A38D80F2B36D8DFE803F06F
:102950003B353508263635353535353535353B3B50
:1029600090F84A3090F84B20C56B43EA02239D4211
:1029700014D2C3681B8AB5FBF3F203FB12556DB981
:10298000302383F311882B462A462946FFF7CCFDD6
:1029900085F311880A2384F834300EE0142384F878
:1029A0003430302383F3118800231A461946204619
:1029B000FFF7A8FD002383F3118838BD036C03B132
:1029C00098470023E7E70021204601F033FB002170
:1029D000204601F025FB63681B6813B106212046E1
:1029E00098470623D7E710B590F83430142B0446E7
:1029F00029D017D8062B05D001D81BB110BD093B33
:102A0000022BFBD80021204601F014FB00212046B8
:102A100001F006FB63681B6813B106212046984746
:102A2000062319E0152BE9D10B2380F8343030232D
:102A300083F3118800231A461946FFF775FD00231A
:102A400083F31188DAE7C3689B695B68002BD5D1F3
:102A5000036C03B19847002384F83430CEE700F1CB
:102A6000604303F561430901C9B283F800130122F1
:102A700000F01F039A4043099B0003F1604303F5F4
:102A80006143C3F880211A60704700F01F030122E0
:102A90009A4043099B0003F1604303F5614300F151
:102AA000604000F56140C3F88020C3F88021002316
:102AB00080F8003370470000074A08B5536903F0F7
:102AC0000103536123B1054A13680BB1506898475D
:102AD000BDE80840FFF7CAB9003C0140DC4A0020CD
:102AE000074A08B5536903F00203536123B1054A4D
:102AF00093680BB1D0689847BDE80840FFF7B6B9B6
:102B0000003C0140DC4A0020074A08B5536903F045
:102B10000403536123B1054A13690BB15069984707
:102B2000BDE80840FFF7A2B9003C0140DC4A0020A4
:102B3000074A08B5536903F00803536123B1054AF6
:102B400093690BB1D0699847BDE80840FFF78EB98B
:102B5000003C0140DC4A0020074A08B5536903F0F5
:102B60001003536123B1054A136A0BB1506A9847A9
:102B7000BDE80840FFF77AB9003C0140DC4A00207C
:102B8000164B10B55C6904F478725A61A30604D53B
:102B9000134A936A0BB1D06A9847600604D5104A6D
:102BA000136B0BB1506B9847210604D50C4A936BFD
:102BB0000BB1D06B9847E20504D5094A136C0BB1F1
:102BC000506C9847A30504D5054A936C0BB1D06CA3
:102BD0009847BDE81040FFF749B900BF003C0140ED
:102BE000DC4A0020194B10B55C6904F47C425A6140
:102BF000620504D5164A136D0BB1506D9847230535
:102C000004D5134A936D0BB1D06D9847E00404D5F9
:102C10000F4A136E0BB1506E9847A10404D50C4AAD
:102C2000936E0BB1D06E9847620404D5084A136FB7
:102C30000BB1506F9847230404D5054A936F0BB12D
:102C4000D06F9847BDE81040FFF710B9003C014035
:102C5000DC4A002008B501F0AFFDBDE80840FFF7F1
:102C600005B9062108B50846FFF7F9FE0621072039
:102C7000FFF7F5FE06210820FFF7F1FE06210920E7
:102C8000FFF7EDFE06210A20FFF7E9FE06211720D7
:102C9000FFF7E5FE06212820FFF7E1FEBDE808402A
:102CA00007211C20FFF7DBBE08B5274B1A6962F02D
:102CB0009F021A611A6902F09F021A614FF0FF30F9
:102CC0001A695A6958615A6900225A615969196A20
:102CD00061F080511962196A01F080511962196A14
:102CE000596A5862596A5A62596A196C174841F010
:102CF00080511964196E41F080511966196E01688E
:102D000041F480710160196F01F44071B1F5007FE9
:102D10001EBF4FF4803119671A671A6F120407D467
:102D20001A6F42F400721A671A6F42F400421A676F
:102D3000064A536823F40073536000F00DFBBDE8AE
:102D40000840FFF78EBF00BF00380240007000400F
:102D5000344B4FF080521A64334A4FF48041116073
:102D60001A6842F001021A601A689107FCD59A6845
:102D700022F003029A602B4B9A6812F00C02FBD1EE
:102D8000196801F0F90119609A601A6842F48032FA
:102D90001A601A689203FCD55A6F42F001025A6712
:102DA000204B5A6F9007FCD5204A5A601A6842F0AF
:102DB00080721A601C4A53685904FCD5194B1A6872
:102DC0009201FCD51A4A9A600322C3F88C20194B51
:102DD0001A68194B9A42194B21D1194A1168194A9C
:102DE00091421CD140F201121A60144A136803F098
:102DF0000F03012BFAD10B4B9A6842F002029A6042
:102E00009A6802F00C02082AFAD15A6C42F4804205
:102E10005A645A6E42F480425A665B6E704740F2C2
:102E20000172E1E7003802400070004008184104D8
:102E300000108838002004E011640020003C0240AB
:102E400000ED00E041C20F41C169CB68024698B273
:102E5000C860D90608D413F0620006D01379042B99
:102E600014BF0420032070470620704710B50F4C94
:102E70002046FFF707FA0E4BE3610E4B5A8C802A6F
:102E80004FEA82230BD0B3F5802F0AD0B3F5C02FC1
:102E900009D0B3F5002F01D1074B236210BD074BBA
:102EA000FBE7074BF9E7074BF7E700BFB84A0020FD
:102EB000003C0240007AFF1F80670108D4670108C8
:102EC000B86701089C670108C369064A59680A4344
:102ED0005A605968044A0A435A60044B00221A6136
:102EE000704700BF23016745AB89EFCD003C02402E
:102EF000C269136943F0004313617047006A704769
:102F000038B5044618462379052B0ED003232371C8
:102F1000E3694FF6FF75DD60236A5B69194402F0CF
:102F200026F802232371002038BD0120FCE72DE99B
:102F3000F3479A460379052B05460F4616464CD0B3
:102F4000C469D0F82080042303714FF6FF73E36057
:102F5000236923F440732361236943F400732361DD
:102F6000236943F0010323614FF0FF09002E32D0A3
:102F7000D8F80430002103E008326A4402F8049CC7
:102F8000CAB2934201F10101F6D8D8F8141027F023
:102F9000030207F0030308336B441AF8010B03F82C
:102FA000040C0137B80706F1FF3601D0002EF0D12E
:102FB000019B8B50E368DB03FCD42846FFF744FFFA
:102FC0000028D3D0236923F00103236102232B714E
:102FD00002B0BDE8F0873046F4E70120F8E7037956
:102FE000052B0CBF0120072070470379052B1DD04E
:102FF00005230371C3694FF6FF72DA601A6942F064
:1030000002021A611A6922F0F8021A611A6922F49E
:1030100040721A611A6942EAC10141F400711961F2
:103020001A6942F480321A6100207047012070470B
:1030300038B50279052A044611D1C369DD68ED036C
:1030400008D41A6922F006021A61FFF7FDFE022376
:10305000237138BD09B90120FBE70A60FBE70020B6
:10306000F7E770B50379052B05460E461AD0036ABB
:103070005C69FFF7D7F8032304442B7131462846D7
:10308000FFF7DDF820F0030023462044834203D1FC
:10309000002002232B7170BD53F8042B0132F5D0B0
:1030A0000520F6E70120F6E708B5074B074A19683F
:1030B00001F03D01996053680BB190689847BDE8F5
:1030C0000840FEF7D3BE00BF00600240A8230020E6
:1030D00008B5084B1968890901F03D018A019A6019
:1030E000054AD3680BB110699847BDE80840FEF760
:1030F000BDBE00BF00600240A823002008B5084BF9
:103100001968090C01F03D010A049A60054A5369E7
:103110000BB190699847BDE80840FEF7A7BE00BF15
:1031200000600240A823002008B5084B1968890DEB
:1031300001F03D018A059A60054AD3690BB1106A16
:103140009847BDE80840FEF791BE00BF006002400E
:10315000A823002008B5074B074A596801F03D0134
:10316000D960536A0BB1906A9847BDE80840FEF7F2
:103170007DBE00BF00600240A823002008B5084BB8
:103180005968890901F03D018A01DA60054AD36A6C
:103190000BB1106B9847BDE80840FEF767BE00BF53
:1031A00000600240A823002008B5084B5968090CAC
:1031B00001F03D010A04DA60054A536B0BB1906BD4
:1031C0009847BDE80840FEF751BE00BF00600240CE
:1031D000A823002008B5084B5968890D01F03D016E
:1031E0008A05DA60054AD36B0BB1106C9847BDE8CD
:1031F0000840FEF73BBE00BF00600240A82300204D
:1032000008B5074B074A196801F03D019960536CF6
:103210000BB1906C9847BDE80840FEF727BE00BF91
:1032200000640240A823002008B5084B19688909EA
:1032300001F03D018A019A60054AD36C0BB1106D13
:103240009847BDE80840FEF711BE00BF0064024089
:10325000A823002008B5084B1968090C01F03D01AE
:103260000A049A60054A536D0BB1906D9847BDE80A
:103270000840FEF7FBBD00BF00640240A823002009
:1032800008B5084B1968890D01F03D018A059A605F
:10329000054AD36D0BB1106E9847BDE80840FEF7A4
:1032A000E5BD00BF00640240A823002008B5074B1D
:1032B000074A596801F03D01D960536E0BB1906E19
:1032C0009847BDE80840FEF7D1BD00BF006402404A
:1032D000A823002008B5084B5968890901F03D0171
:1032E0008A01DA60054AD36E0BB1106F9847BDE8CA
:1032F0000840FEF7BBBD00BF00640240A8230020C9
:1033000008B5084B5968090C01F03D010A04DA6060
:10331000054A536F0BB1906F9847BDE80840FEF720
:10332000A5BD00BF00640240A823002008B5084BDB
:103330005968890D01F03D018A05DA60054AD36FAD
:1033400013B1D2F880009847BDE80840FEF78EBD63
:1033500000640240A82300200D4A002330B542F843
:10336000043B0C4C0C25194605FB03F0205801606A
:1033700042F833100133102BF6D1074A4FF0FF33D8
:103380009360D360C2F80834C2F80C3430BD00BF7B
:10339000A8230020C0680108006002400F282DE922
:1033A000F041044688464AD8264E01203568A040A0
:1033B000284244D106EBC4070543BB60C3B27A6020
:1033C00035604BBB204B186B40F480001863186DC0
:1033D00040F4800018651B6D1C4D0C236343E858B6
:1033E000036823F01F030360066816F00106FBD193
:1033F0000C2303FB04534FF03D0C93F809E059688C
:103400000CFA0EF70F6006602126466192B90C2374
:1034100003FB0450BDE8F0810B4B1D6B45F4001518
:103420001D631D6D45F400151D6510F47F4F1B6D68
:10343000D2D0C7E7D87A4146FFF711FBE7E7002073
:10344000E8E700BFA823002000380240C068010858
:1034500010B50446C07AFFF718FBA37A1049012281
:103460009A400B6823EA0203DAB20B604AB90D4AAC
:10347000116B21F400111163116D21F4001111651C
:10348000126D13F47F4F09D1064B1A6B22F48002A0
:103490001A631A6D22F480021A651B6D10BD00BFFD
:1034A000A82300200038024011F0030F10B5184B7C
:1034B0006FEA00020DD11968114019605968114076
:1034C0005960996811409960D9680A40DA6058617A
:1034D00010BD9C6811F0010F14BF044314409C60A0
:1034E0000B4BDC6811F0020F14BF04431440490772
:1034F000DC6006D419680143196059680A405A60B3
:10350000E6E759680843586019680A401A60DFE71F
:10351000003C01400023054A19460133102B11607D
:10352000516002F10802F8D1704700BFDC4A002068
:103530002DE9F74FC2F3C31302F0030AC2F3800967
:10354000C2F3C108C2F3411E0193574600224FF057
:103550000F0BCB0737D5019C02F007039B0004FA41
:1035600003FC01254468954024EA050444EA090463
:10357000446085680324560004FA06F625EA060529
:1035800045EA08058560C56825EA060545EA0E0591
:103590000BFA03F3BAF1020F6FEA0604C5606FEA93
:1035A00003031BD1072A95BF056A456A1D401D40CC
:1035B00095BF45EA0C0545EA0C05056245620368BE
:1035C00023403B43036049081AD04FEA49094FEAB8
:1035D00088084FEA8E0EBF000132BAE705682C401A
:1035E0003C430460072A95BF046A446A1C401C409F
:1035F00095BF44EA0C0444EA0C0404624462E2E726
:1036000003B0BDE8F08F0000012370B58B4001F0DE
:10361000030421F0030101F1804101F59C31A40074
:103620008D68C0F383200F26A04006FA04F425EA33
:103630000405284388600C498C68D84312F0010FB8
:1036400014BF1C4304408C6012F0020FCA6814BF00
:103650001A430240CA60044A11680B43136053685E
:103660000340536070BD00BF003C0140124B70B579
:103670009C68D86801228A4044EA000515421AD0A5
:103680008D080E4E023524EA020456F825501D68B6
:1036900025EA02051D605D6820EA020025EA0205B0
:1036A0005D609C60D8605A61054B002243F8312070
:1036B00003EBC1035A6070BD003C0140003801407B
:1036C000DC4A0020836D70B5446D9E6800224FF087
:1036D000FF3504EB42135101D3F800090028BEBFA7
:1036E000D3F8000940F08040C3F80009D3F8000B7C
:1036F0000028BEBFD3F8000B40F08040C3F8000B99
:10370000013263189642C3F80859C3F8085BE0D247
:103710004FF00113C4F81C3870BD890141F020013D
:10372000016103699B06FCD41220FEF74FB800002C
:1037300008B50548FEF760FE034A4FF0A043536505
:10374000024B936508BD00BF5C4B002080690108F7
:1037500070B50378012B054650D12A4B446D984231
:103760001BD1294B5A6B42F080025A635A6D42F0CA
:1037700080025A655A6D5A6942F080025A615A694C
:1037800022F080025A610E2143205B69FFF767F93E
:103790001E4BE3601E4BC4F800380023C4F8003E03
:1037A000C02323606E6D4FF40413A3633369002BB1
:1037B000FCDA012333610C20FEF708F83369DB07DC
:1037C000FCD41220FEF702F83369002BFCDA002645
:1037D000A6602846FFF776FF6B68C4F81068DB68C0
:1037E000C4F81468C4F81C684BB90A4BA3614FF0C5
:1037F000FF336361A36843F00103A36070BD064B10
:10380000F4E700BF5C4B0020003802404014004049
:1038100003002002003C30C0083C30C038B50378BB
:10382000012B044617D0456DFFF74CFF0023C5F868
:103830001C38AB60AB63084B9C420CD14320FFF7B4
:1038400024F9064B5A6B22F080025A635A6D22F01B
:1038500080025A655B6D38BD5C4B00200038024029
:10386000F8B5446D054600212046FFF756FFA96DC7
:1038700000234FF001128F68C4F834384FF000660F
:10388000C4F81C284FF0FF3004EB431201339F4271
:10389000C2F80069C2F8006BC2F80809C2F8080B48
:1038A000F2D20B686A6DEB656362102313611669CF
:1038B00016F01006FBD11220FDF788FFD4F800386F
:1038C00023F4FE63C4F80038A36943F4402343F0B3
:1038D0001003A3610923C4F81038C4F814380A4B44
:1038E000EB604FF0C043C4F8103B084BC4F8003BFA
:1038F000C4F81069C4F80039EB6D03F1100243F409
:103900008013EA65A362F8BD8C690108408000104D
:10391000426D90F84E10D2F8003823F4FE6343EA6B
:103920000113C2F80038704700EB81032DE9F0471E
:10393000DA68456D166806F00306731E804605EBCF
:103940004110022B4FF000030C464FEA81094FEA69
:10395000411AC0F8103B01F110014FF0010398BF6C
:10396000B60403FA01F391698EBF314E06F1805619
:1039700006F5004600293AD0508A04F15801490161
:1039800030436850D5F81C180B43AA44C5F81C38BE
:103990000023CAF8103953690127611EA7408BB371
:1039A000138A928B9B08012A88BF5343D8F85C2066
:1039B000981842EA034201F1400305EB8303C8F87B
:1039C0005C0021465A602846FFF7A7FE08EB090075
:1039D000C3681B8A43EA84534834640133432B5140
:1039E000D5F81C383B43C5F81C38BDE8F087D0F843
:1039F000001B21F40041C0F8001BD5F81C1821EA77
:103A00000303C2E704F13F0305EB8303094A5A604D
:103A100021462846FFF781FEDAF8003923F40043F7
:103A2000CAF80039D5F81C3823EA0703DBE700BFE2
:103A30000080001000040002826D1268C265FFF76A
:103A400041BE5831436D49015B5813F4004004D026
:103A500013F4001F14BF0120022070474831436D4A
:103A600049015B5813F4004004D013F4001F14BF45
:103A7000012002207047034603EB81031046DB68F8
:103A80000822196A01F073BA00EB810330B5DD68D2
:103A9000AB691A681A6119B9402A84BF40221A60BA
:103AA0006B8A5C1E1444B4FBF3F46343426D03332E
:103AB00023F0030343EAC443480102EB411143F0FE
:103AC000C043C1F8103B2B6803F00303012B0CD15A
:103AD000D2F8083813F4807FD1F8003B14BF43F0CC
:103AE000805343F00053C1F8003B0244D2F8003B3E
:103AF00043F00443C2F8003B30BD0000F8B52A4D46
:103B00006E6D06EB40130446D3F8087BC3F8087BC0
:103B100038070AD5D6F81438190706D505EB8403FB
:103B20002146DB6828465B689847FA0720D5D6F817
:103B30001438DB071CD5A61C05EB86035968C4B9ED
:103B40008B69488A5A68B2FBF0F700FB172282B9EA
:103B500018681A6990420CD2121AC3E90024302363
:103B600083F3118810482146FFF78EFF84F31188F4
:103B7000F8BD6B890122A24023EA02036B81CB6866
:103B800013B1094821469847302383F3118805EB88
:103B900086056B68986941680C30FEF781F8002350
:103BA00083F31188E4E700BF5C4B002000EB810346
:103BB00070B5DD68426D6C6923682361480133BBD1
:103BC00013184FF40024C3F810492B6803F00303C3
:103BD000012B0DD1D2F80838141813F4807FD4F8D3
:103BE000003914BF43F0805343F00053C4F8003948
:103BF0001044D0F8003943F00443C0F80039D2F83B
:103C0000340801238B400343C2F8343870BD19B91E
:103C1000402B84BF402323602E8A741E1C44B4FBB7
:103C2000F6F443EAC443141843F00053C4F81039BF
:103C3000CBE700002DE9F843414DD5F8548008EB5F
:103C400040130446D3F80899C3F8089919F0010FF6
:103C50004FEA401719D0D8F81038DB0715D5861C65
:103C600005EB860359684B6918681A6990422ED291
:103C7000121A00261A605E60302383F311882146F1
:103C80002846FFF793FF86F3118819F0800F1CD0A8
:103C9000D8F834380126A640334216D005EB840309
:103CA0006D6DD3F80CC0DCF814200134E4B2D2F806
:103CB00000E005EB04342F445168714521D3D5F859
:103CC000343823EA0603C5F83438BDE8F8832B8975
:103CD0000122A24023EA02032B818B6813B1214603
:103CE00028469847302383F3118805EB8606002188
:103CF000736858690C30FDF7D3FF002383F31188F4
:103D0000C3E7BCF81000AEEB0103834228BF0346B3
:103D1000D7F8180980B2B3EB800FD6D89068A0F11D
:103D2000040959F8048FC4F80080A0EB09089844EE
:103D3000B8F1040FF5D81844194490605160BBE7FE
:103D40005C4B00202DE9F74FAD4C656D6E69AB699A
:103D50001E4016F480576E6107D02046FEF715FC12
:103D600003B0BDE8F04FFEF781B8002E12DAD5F8A7
:103D7000003EA34899071EBFD5F8003E23F0030379
:103D8000C5F8003ED5F8043823F00103C5F804381F
:103D9000FEF761FC320505D59948FFF793FC98487A
:103DA000FEF72BFCB3040CD5D5F8083813F0060F3A
:103DB000EB6823F470530CBF43F4105343F4A05347
:103DC000EB6030071BD56368DB681BB9AB6923F078
:103DD0000803AB612378052B0CD1D5F8003E884849
:103DE00099071EBFD5F8003E23F00303C5F8003E37
:103DF000FEF731FC6368DB680BB181489847F2023B
:103E00005FD4B3020FD5636D00934FF000084FF0FD
:103E100001094FF0300AC346A36D9B685FFA88F131
:103E20008B4280F09680F0061AD5D4F854C0DCF8A6
:103E30002020C2F30A1002F00F0302F4F012B2F5D0
:103E4000802F00F0C080B2F5402F09D104EB83032E
:103E50000022DB681B6A0CF5805C904240F0A68073
:103E60003003D5F8184813D5E10302D50020FFF739
:103E700045FEA20302D50120FFF740FE630302D5F1
:103E80000220FFF73BFE270302D50320FFF736FE93
:103E900075037FF565AFE00702D50020FFF7CAFE86
:103EA000A10702D50120FFF7C5FE620702D5022057
:103EB000FFF7C0FE23077FF553AF0320FFF7BAFEDD
:103EC0004EE7D4F854A04FF00009A36D9B685FFA49
:103ED00089F8434595D30AEB4813D3F8002902F437
:103EE0004022B2F5802F31D1D3F80029002A2DDAF3
:103EF000D3F8002942F09042C3F80029D3F80029F2
:103F0000002AFBDB606D4146FFF707FC2389012295
:103F100002FA08F223EA020308F1020B238104EB00
:103F20008B035B689B6813B1354841469847302343
:103F300083F3118804EB8B0B0021DBF80430586904
:103F40000C30FDF7ADFE002383F3118809F1010960
:103F5000BBE7009B03EB4112D2F8003B03F4402384
:103F6000B3F5802F1FD1D2F8003B002B1BDA6389F9
:103F700009FA01F223EA020363818B1C04EB83023A
:103F80005268D2681AB11E4801939047019B8AF388
:103F9000118804EB83035B68986941680C30FDF776
:103FA0007FFE8BF3118808F1010835E7910708BF00
:103FB000DCF80070072A98BF03F8017B02F10102C8
:103FC00098BF3F0A49E7023304EB83020CF5805C9B
:103FD0005268D2F818E0DEF80820DEE9001EA1EBF6
:103FE0000E0E002188420DD104EB830463689B69A7
:103FF0009A6802449A605A6802445A6030E700BFE7
:104000005C4B002011F0030F08BFDCF800708E45F8
:1040100088BF02F8017B01F1010188BF3F0AE1E797
:10402000436D03EB4111D1F8003B43F40013C1F899
:10403000003B7047436D03EB4111D1F8003943F465
:104040000013C1F800397047436D03EB4111D1F8FB
:10405000003B23F40013C1F8003B7047436D03EBB2
:104060004111D1F8003923F40013C1F80039704729
:10407000044B5B68DA6842F08002DA60DA68520664
:10408000FCD57047BC4B00205020704730B54468C9
:104090001A445034C91A934201D1002030BD581837
:1040A00020F0030500F003006559C00025FA00F078
:1040B00003F8010BEFE7F0B545681A445035C91A0B
:1040C0004FF0FF0C934201D10020F0BD581820F0B2
:1040D000030700F00300EE59C0000CFA00F426EAD2
:1040E000040613F8014B04FA00F03043E851E9E705
:1040F00038B5174C6368DD6825F4F042DA60154A7C
:104100004FF400115161A268EAB19B6819040AD505
:104110002B0502D5022120469047E80403D5A36869
:104120000B480321984763681B6C59070BD5AA04F9
:1041300003D5A3680648042198476B0403D5A368F8
:10414000034805219847BDE83840FDF78FBE00BF02
:10415000BC4B0020003C01400B484368D96821F467
:10416000806210B5DA60094A4FF4800454618268B5
:1041700032B19B685C0403D54B0501D507219047FC
:10418000BDE81040FDF772BEBC4B0020003C014072
:1041900070B5104C6368DD6825F44072DA600E4A31
:1041A0004FF400315161A2687AB19E68F00404D5E1
:1041B000E90502D5002120469047B20405D5AB059C
:1041C00003D5A368034801219847BDE87040FDF777
:1041D0004DBE00BFBC4B0020003C014008B51A4852
:1041E000FEF784F8184B19495960CA234B625323D0
:1041F0004B62C86810F0100022D1FFF739FF80230E
:1042000088600864CB60124B0B610B61CB6823F0B4
:1042100080030D4ACB604FF4C4000023012193605A
:10422000FFF742F90F210220FEF719FC0F210320AE
:10423000FEF715FCBDE808400F212920FEF70FBC52
:10424000CB6823F02003E4E7BC4B002000280040AB
:10425000FF031F00F8B54B6806244FF47A72C3F3CE
:104260001A03B3FBF2F30A220F460646B3FBF2F140
:1042700002FB1135B1FBF4F004FB101C45EA0C15F0
:10428000B0FBF2F102FB1100B1FBF4F345EA0025AB
:1042900004FB131145EA0135B3FBF2F102FB1133C4
:1042A00045EA0345BB78787897F800C003F01F0310
:1042B0004FEA501E45EA015500F00F01B3FBF2F042
:1042C00002FB103444EA4E34BCFBF2F302FB13CC85
:1042D00044EA0C44B1FBF2FC02FB1C1144EA012449
:1042E00044EA0C34B3FBF2F144EA001402FB11334C
:1042F00044EA0354FDF752FAFFF7BAFE7268797880
:10430000156054609368C1F3001123F4802343EADD
:1043100081439360044B5A68D36823F08003D360D1
:10432000BDE8F840FDF743BABC4B00202DE9F04151
:1043300004460F46FDF732FA6368DA689206FCD548
:104340009D6A1E68D3F804809A6A9542F8D15A682B
:104350009C68DA6822F02002DA60FDF728FA2F491B
:10436000C6F303434B4301F1F771C6F3015201F564
:10437000C54101FB023306F00F024FF47A7101FBD5
:1043800002332749C6F3023201FB0233C6F303228C
:104390004EF6602101FB0233C8F30352C8F3034118
:1043A00002EB820201EB42023A70C8F3003202EBE8
:1043B0008202C8F3032101EB4201A20901F00F01BF
:1043C00002F4805242EA012208F460410A43C8F331
:1043D000011101EB810108F00F0808EB4108396871
:1043E00008F01F0842EA08426FF314210A433A60BA
:1043F000C6F3021642F2107202FB0633094A554315
:1044000005F579257A6823F0784305F6184503EB1E
:10441000952363F31A027A60BDE8F08180EE3600DE
:10442000C027090018FCFFFFC16940680023C28A49
:104430000B60838A407823F0440338B142F00302D2
:104440004A600B6043F040030B60704743F44173D4
:1044500042F00702F4E700004168426A49781368B5
:10446000F1B9196821F01F0119601968C907FCD456
:104470005168527A3D239340C2690B6093681B06D2
:10448000FCD4036A1A68116821F01F0111601168D9
:10449000C807FCD4597A5A683D238B401360704793
:1044A000196821F01F0119601968C907FCD4516807
:1044B000527A3D2393400B60036A1A68116821F019
:1044C0001F0111601168C907FCD4597A5A683D234D
:1044D0008B401360074B984209D1074B5A6A42F44C
:1044E00080525A625A6A22F480525A625B6AFFF71B
:1044F0009BBF00BFC84B00200038024011F00C0FDA
:1045000070B504460D4616D01D48FDF739F9204612
:10451000FFF7A2FF63689B680BB1204698473023E2
:1045200083F31188002104F10800FDF7B9FB002393
:1045300083F3118815E0466833789BB1CA0602D52B
:10454000736803B19847AB060BD563685B6843B1EA
:1045500004222270204698472378042B01D103239C
:10456000237070BDFFF778FF736833B104222270A7
:10457000204698472378042BD1D102232370CEE71D
:10458000835C010811F00C0F10B5044615D00B48E0
:10459000FDF7F6F82046FFF75FFF63689B680BB1F5
:1045A00020469847302383F31188002104F1080046
:1045B000FDF776FB002383F3118810BD835C0108AF
:1045C00008B50748FDF79EFE054A064BD361002358
:1045D00013625362044B93623033D36208BD00BF51
:1045E000C84B0020003001401600010610B54FF006
:1045F000FF3343630378012B044634D12A4B98429E
:1046000029D10346294A0A210820FEF7C7FE206265
:1046100010B96FF0100010BD254A23460A210B2067
:10462000FEF7BCFE606218B9206AFEF711FFF0E7E2
:10463000204B5A6C42F480525A645A6E42F48052B3
:104640005A665A6E5A6A42F480525A625A6A22F480
:1046500080525A625B6A236A1A68E3690C3393607A
:10466000626A126893606168A26A888AE36A09785C
:10467000000522F4F04223F4F04344BF42F42052F8
:1046800043F4205351B142F4847243F484732046BE
:10469000A262E362FFF7C8FE0020BCE722F4847246
:1046A00023F48473F3E700BFC84B0020FD440108E6
:1046B000854501080038024038B50378022B0446CE
:1046C0001AD1FFF7C9FEE369606A00251D605D60CD
:1046D000FEF7BEFE206AFEF7BBFE084B25629C4239
:1046E000656209D1064B5A6C22F480525A645A6EA4
:1046F00022F480525A665B6E38BD00BFC84B002062
:104700000038024010B5046A2468E360836A61607F
:1047100043F480632360436A1B68DA60C26A5960AD
:1047200042F480621A60226842F0010222601A6834
:1047300042F001021A60002010BD036A10B51C6827
:1047400000F13003E360836A61602360436A1B68A1
:10475000DA60C26A596042F480621A60226842F0EC
:10476000010222601A6842F001021A60002010BDA6
:104770000F4B1A6C42F001021A641A6E42F00102E9
:104780001A660C4A1B6E936843F0010393604FF066
:10479000804340F2DF129A624FF0FF32DA62002269
:1047A0009A615A63DA605A6001225A611A6070474E
:1047B00000380240002004E04FF0804208B5116943
:1047C000D3680B40D9B2C9439B07116107D5302389
:1047D00083F31188FCF7E0FF002383F3118808BD01
:1047E0004B6843608B688360CB68C3600B6943612F
:1047F0004B6903628B6943620B680360704700007A
:1048000008B51C4B1C491A691C4842F09F021A61EA
:104810001A6922F09F021A611A691A6B42F09F020C
:104820001A631A6D42F09F021A651B6D0A46FFF764
:10483000D7FF1C3100F58060FFF7D2FF02F138018D
:1048400000F58060FFF7CCFF02F1540100F58060B5
:10485000FFF7C6FF02F1700100F58060FFF7C0FFAF
:1048600002F18C0100F54060FFF7BAFFBDE8084097
:10487000FEF76EBA00380240B0690108000002403D
:104880007047162303604FF0FF30704700207047D9
:10489000184670470020704710B5002204460846AD
:1048A0000121FCF721FF18B90C2323604FF0FF30E2
:1048B00010BD08B5134600215822184600F008FB29
:1048C0004FF400524260002008BD012070470000F4
:1048D00008B50248FCF754FF00F08AF98F5C010824
:1048E00008B50248FCF74CFF00F082F9945C01081F
:1048F00001207047704700002DE9F047089D0F46E2
:1049000004468C46002B48D18A42164661D9B2FA39
:1049100082F34BB1C3F1200201FA03FC20FA02F248
:104920009E4042EA0C0C9C404FEA164EB7B2BCFBCC
:10493000FEF1220C0EFB11CC42EA0C4201FB07F007
:10494000904209D9B21801F1FF3C80F0EE8090420C
:1049500040F2EB8002393244121AA4B2B2FBFEF0EC
:104960000EFB102244EA024400FB07F7A74209D9D4
:10497000341900F1FF3280F0DA80A74240F2D7808C
:104980003444023840EA0140E41B00211DB1DC4000
:104990000023C5E90043BDE8F0878B4206D90DB17D
:1049A000C5E9000100210846BDE8F087B3FA83F1AC
:1049B000002948D1BB4202D3824200F20781841A07
:1049C00067EB030201209446002DE4D0C5E9004CBA
:1049D000E1E7002A00F09280B2FA82F3002B40F067
:1049E000A8808A1A4FEA164E1FFA86FC0121200C75
:1049F000B2FBFEF70EFB172240EA02420CFB07F067
:104A0000904207D9B21807F1FF3802D2904200F263
:104A1000E2804746121AA4B2B2FBFEF00EFB10224F
:104A200044EA02440CFB00FCA44507D9341900F108
:104A3000FF3202D2A44500F2CB801046A4EB0C0456
:104A400040EA0740A2E7C1F120068B4022FA06FCAB
:104A50004CEA030C07FA01F420FA06F3F7404FEA98
:104A60001C49234300FA01F81FFA8CFEB7FBF9F04A
:104A70001C0C09FB107744EA074400FB0EF7A74221
:104A800002FA01F20AD91CEB040400F1FF3A80F0AB
:104A90009B80A74240F2988002386444E41B9FB296
:104AA000B4FBF9F309FB134447EA044403FB0EFE8D
:104AB000A64509D91CEB040403F1FF3780F082807E
:104AC000A6457FD9023B644443EA0040A4EB0E04B0
:104AD000A0FB02E7BC427346B94663D360D05DB128
:104AE000B8EB030264EB090404FA06F622FA01F3B8
:104AF0001E43CC40C5E9006400214CE76208480829
:104B000042EAC1710B0C43EA00438AB242EA034213
:104B1000B3FBF6F1E407B4463746B6461F23B0FBB5
:104B2000F6F0D21B41EA004161E7614614E7104606
:104B300028E7C3F1200120FA01F29E4027FA01F193
:104B40009F403A434FEA164E1FFA86FCB1FBFEF730
:104B50000EFB1710110C41EA004107FB0CF88845C9
:104B600004FA03F43AD9711807F1FF3001D28845ED
:104B70001FD8A1EB0801B1FBFEF808FB0CF70EFBF8
:104B8000181192B242EA0142BA422FD2B21808F189
:104B9000FF31C6D2BA42C4D2A8F102013244C0E702
:104BA000F0459CD2BEEB020367EB0C070138B94617
:104BB00095E7A6EB08084144B81EB1FBFEF808FBD8
:104BC0000CF7DCE73B467FE7504667E70846FBE625
:104BD0003444023832E7023F32441BE7A1EB0801BC
:104BE0003846B1FBFEF808FB0CF7C8E7414698E7EA
:104BF00008B5062000F09CF90120FFF769FE931E1E
:104C0000222B10B50C4604D900230B701C462046FD
:104C100010BD0A2A09D1002807DA2D230B70404263
:104C20000121214400F002F9F1E70021F9E7FFF743
:104C3000E6BF0000024B0146186800F02DB800BF27
:104C400024130020024B0146186800F0BDB900BFD4
:104C50002413002070B50F4E0C463168054611B97B
:104C6000FFF71AFE306021462846FFF715FE431C69
:104C700003D14FF0FF34204670BDC41C24F0030460
:104C8000A042F8D0211A2846FFF706FE0130F2D1E3
:104C9000EFE700BF482400202DE9F843CD1C25F0A4
:104CA000030508350C2D38BF0C25002D064601DB09
:104CB000A94204D90C2333600020BDE8F883DFF853
:104CC000D48000F069F8D8F800301C4644BB29466F
:104CD0003046FFF7BFFF431C044658D1D8F80040C8
:104CE0002746002F43D1002C4BD02368394630464D
:104CF00004EB0309FFF7D0FD814542D121686D1A0D
:104D000029463046FFF7A6FF01303AD023682B44EE
:104D10002360D8F800305A6862BBC8F800700FE012
:104D20002268521B20D40B2A17D96119A34225608F
:104D300018BF5960636808BFC8F8001062514B6023
:104D4000304600F02FF804F10B00231D20F007007F
:104D5000C21A1CBF1B1AA350AFE76268A3420CBF64
:104D6000C8F800205A60EBE723466468AEE73C468B
:104D70007F68B6E71A465B68A342FBD10023536005
:104D8000DEE70C233360304600F00CF894E7056052
:104D9000D6E700BF4C240020014800F0E6B800BF71
:104DA00050240020014800F0E1B800BF502400204A
:104DB000164B10B51C68226BB2B91820FFF73AFFEA
:104DC0000246206320B9124B1248522100F0DEF84F
:104DD0001149124BC0E90013114B83600B238381EF
:104DE00000210120C2E9040113690E4854690E49EB
:104DF000584301FB0400A3FB0131013340EB0100E8
:104E0000C2E9043020F0004010BD00BF2413002090
:104E1000995C0108B05C01080E33CDAB34126DE62D
:104E2000ECDE05002DF451582D7F954CF0B51F4C4C
:104E30008BB005460B466E4604F1200C2068616875
:104E4000374603C7083464453E46F7D121793971A6
:104E5000911E2068386022294FF0000104D9197092
:104E60000B4618460BB0F0BD581E8446B5FBF2F752
:104E700002FB175628366E440C4616F8286C0CF8C0
:104E8000016F2E46B24201F101013D46EED90022EA
:104E90005A541919A51AAA42E3DA10F8015F0E78DC
:104EA0000670013201F80159F4E700BF115D0108F5
:104EB00010B501390244904201D1002005E0037889
:104EC00011F8014FA34201D0181B10BD0130F2E7C9
:104ED00002440346934200D1704703F8011BF9E7EF
:104EE0001F2938B505460C4604D9162303604FF038
:104EF000FF3038BDC26B12B152F821304BB9284691
:104F000000F030F8224601462846BDE8384000F05F
:104F100017B8012B0AD0591C03D1162303600120B6
:104F2000E7E7002142F82410204698470020E0E7F8
:104F3000024B01461868FFF7D3BF00BF24130020BF
:104F400038B5074D00230446084611462B60FFF78D
:104F5000C7FC431C02D12B6803B1236038BD00BFDE
:104F600054240020FFF7C4BC7047704770470A44C0
:104F7000914200F1FF3300D1704710B511F8014B99
:104F800003F8014F9142F9D110BD00001FB514463E
:104F90001A46094B1B680546D8684CB1074B00916F
:104FA000CDE9013406492B4600F058F8FFF720FE02
:104FB000044B1C46F3E700BF24130020365D0108B4
:104FC000435D0108715D010838B50546002941D0EF
:104FD00051F8043C0C1F002BB8BFE418FFF7DCFEAF
:104FE0001D4A136833B9636014602846BDE8384031
:104FF000FFF7D8BEA34208D9206821188B4201BF11
:1050000019685B6809182160EDE71A465B680BB107
:10501000A342FAD911685018A0420BD1206801446C
:10502000501883421160E0D118685B6853600844EF
:105030001060DAE702D90C232B60D6E7206821182C
:105040008B4204BF19685B68636004BF0918216064
:105050005460CAE738BD00BF4C2400200EB403B52D
:10506000014603AB054853F8042B0068019300F098
:1050700031F802B05DF804EB03B070472413002050
:105080009368013B002B10B4936008DA9469A34243
:1050900001DB0A2903D15DF8044B00F069BB1368FA
:1050A000581C1060197008465DF8044B7047F8B53D
:1050B00006460F461446D518AC4201D1002007E041
:1050C00014F8011B3A463046FFF7DAFF431CF3D1D0
:1050D000F8BD00002DE9F0470D469CB014461F4670
:1050E000064618B1036A0BB900F02AFB6B6ED907AC
:1050F00005D4AB899A0502D4A86DFFF736FFAB89BA
:105100001B0701D52B699BB92946304600F06EFB81
:1051100070B16B6EDC0704D54FF0FF301CB0BDE8FA
:10512000F087AB899805F7D4A86DFFF71FFFF3E769
:105130000023099320238DF82930039730236A4FE9
:105140008DF82A304FF001082346994613F8012BB9
:105150000AB1252AF9D1B9EB040A0BD053462246ED
:1051600029463046FFF7A3FF013000F0A480099ADA
:105170005244099299F80030002B00F09C800023E3
:105180004FF0FF32CDE9052309F10109049307939C
:105190008DF853301A934C46534814F8011B0522DE
:1051A000F2F7FEFF049BD0B9D90644BF20228DF848
:1051B00053201A0744BF2B228DF8532099F8002062
:1051C0002A2A13D0079A4C4600204FF00A0C214699
:1051D00011F8013B303B092B49D968B913E0C01BDA
:1051E00008FA00F018430490A146D4E7039A111D71
:1051F00012680391002A01DB079204E0524243F057
:1052000002030792049323782E2B0AD163782A2B6A
:1052100032D1039B1A1D1B68039243EAE3730234E5
:105220000593DFF8D490217803224846F2F7B8FFBF
:1052300038B1049BA0EB09004022824013430134A3
:10524000049314F8011B29488DF828100622F2F760
:10525000A7FF00283ED0264818BB039B073323F046
:10526000070308330393099B034409936CE70CFB82
:1052700002320C460120AAE70023013405931946A7
:105280004FF00A0C204610F8012B303A092A03D9B6
:10529000002BC6D00591C4E70CFB01210446012375
:1052A000F0E703AB00932A46124B04A93046AFF354
:1052B0000080431CD7D16B6ED90705D4AB899A0502
:1052C00002D4A86DFFF752FEAB895B063FF524AF11
:1052D000099823E703AB00932A46064B04A93046FE
:1052E00000F07AF8E5E700BF725D01087C5D010817
:1052F00000000000AF500108785D01082DE9F0477B
:10530000164698468A680B69DDF820909342B8BF2C
:105310001346336091F8432007460C460AB1013327
:1053200033602368990642BF3368023333602568CF
:1053300015F0060506D104F1190AE36832689B1AD4
:10534000AB4226DC94F843302268003B18BF0123AF
:1053500092062BD404F1430241463846C847013037
:105360001ED02368226903F00603042B02BFE56800
:105370003368ED1AA3680CBF25EAE5750025934252
:10538000C4BF9B1AED1800261A34B5421AD100206A
:1053900008E00123524641463846C847013003D150
:1053A0004FF0FF30BDE8F0870135C6E7E1185A1C21
:1053B000302081F84300224494F8451082F84310CD
:1053C0000233C7E70123224641463846C847013029
:1053D000E6D00136D9E700002DE9F0430D7E85B017
:1053E000782D90460C9E07460C46994601F14302E3
:1053F00007D8622D0AD8002D00F0D780582D00F074
:10540000BC8004F1420684F842503BE0A5F16303FE
:10541000152BF6D801A151F823F000BF75540108EF
:105420008954010803540108035401080354010876
:105430000354010889540108035401080354010866
:10544000035401080354010891550108B35401089D
:10545000435501080354010803540108B3550108DA
:1054600003540108B354010803540108035401080C
:105470004B55010833681A1D1B68326004F142065F
:1054800084F842300123A1E033682068191D31609F
:10549000060601D51D6803E04506FBD5B3F90050AB
:1054A000002D03DA2D236D4284F843305B480A2334
:1054B00011E021683368080653F8045B02D44906FA
:1054C00048BFADB23360237E54486F2B5CD10823B4
:1054D000002184F843106668A660002E05DB216871
:1054E0002E4321F00401216050D01646B5FBF3F1A4
:1054F00003FB115C10F80CC006F801CDAC46634507
:105500000D46F3D9082B0BD12368DB0708D5236997
:1055100061689942DEBF302306F8013C06F1FF3690
:10552000921B2261CDF80090434603AA21463846DB
:10553000FFF7E4FE01304ED14FF0FF3005B0BDE87B
:10554000F083236843F0200323603548782584F8EE
:1055500045502368316813F0800F51F8045B03D184
:1055600013F0400F18BFADB23160D90744BF43F00C
:10557000200323601DB11023AAE72848E7E723682A
:1055800023F020032360F6E70A23A1E71646B9E7D4
:10559000336825686169181D30602E061B6801D5C7
:1055A000196002E06806FBD51980002323611646C6
:1055B000B8E733681A1D32601E6862680021304601
:1055C000F2F7EEFD08B1801B606063682361002381
:1055D00084F84330A6E72369324641463846C84737
:1055E0000130A9D023689B0713D4E068039B98423D
:1055F000B8BF1846A2E70123324641463846C8479D
:10560000013099D00135E36803995B1AAB42F2DCB3
:10561000EBE7002504F11906F5E700BF835D0108FB
:10562000945D0108002310B50446C0E90033C0E9C9
:105630000433836081814366C281836119460822F5
:105640005C30FFF745FC0D4B63620D4BA3620D4BC5
:10565000E3620D4B23630D4B24629C4206D003F1A1
:105660006802944202D0D0339C4205D104F1580024
:10567000BDE81040FFF778BC10BD00BFE15A01083B
:10568000035B01083B5B0108615B010858240020B3
:10569000024A0349034800F0FDB800BF741300201C
:1056A000915A01082813002041680C4B994210B50B
:1056B000044601D000F0ECF9A168094B994202D0F0
:1056C000204600F0E5F9E168064B994204D02046F7
:1056D000BDE8104000F0DCB910BD00BF5824002028
:1056E000C0240020282500200C4B0D4A0D4810B581
:1056F00004211A600022FFF795FF0A4B01221C4685
:10570000092103F16800FFF78DFF04F1D0000222A8
:10571000BDE810401221FFF785BF00BF9025002093
:1057200091560108582400200148FFF71EBC00BF15
:10573000512400200148FFF719BC00BF512400206C
:1057400010B50446FFF7F0FF236A1BB1BDE8104017
:10575000FFF7F0BF044B2362044B1B68002BF5D10D
:10576000FFF7C2FFF2E700BFA9560108902500200D
:10577000F8B50E461446054618B1036A0BB9FFF793
:10578000DFFFA369A360A3891A0701D5236943B981
:105790002146284600F02AF818B14FF0FF37384666
:1057A000F8BD23682269981A6369F6B283423746C6
:1057B00005DC2146284600F06BF90028EDD1A368EE
:1057C000013BA36023685A1C22601E706269431C5F
:1057D0009A4204D0A389DB07E1D50A2EDFD1214606
:1057E000284600F055F90028D9D0D6E738B5284B1F
:1057F000054618680C4618B1036A0BB9FFF7A0FFFD
:10580000B4F90C301A0721D4D80607D409222A602B
:1058100043F04003A3814FF0FF3030E0590712D529
:10582000616B41B104F14403994202D02846FFF76D
:10583000CBFB002363630022B4F90C306260226961
:10584000226023F0240343F00803A38122693AB9BC
:105850009A0501D5180603D52146284600F05CF8C4
:10586000B4F90C3013F001020AD00022A260626980
:105870005242A261226942B913F08000C8D138BDFA
:10588000990758BF6269A260F4E70020F7E700BFFC
:10589000241300202DE9F8430746884614460026C5
:1058A000D4E90195B9F1010905D52468002CF7D197
:1058B0003046BDE8F883AB89012B07D9B5F90E3026
:1058C000013303D029463846C04706436835E9E727
:1058D00070B50C46B1F90E10002996B015461E465B
:1058E0000ADAA18911F0800113D14FF480620020FF
:1058F00031602A6016B070BD6A46FEF7DAFF0028F4
:10590000EFDB019901F47041A1F50053594259416F
:10591000EBE700214022EAE78B8973B59E07054635
:105920000C4607D504F1470323602361012363611B
:1059300002B070BD01AB6A46FFF7CAFF009E284661
:105940003146FFF7A9F9B4F90C3038B99A05EFD40C
:1059500023F0030343F00203A381E3E743F0800352
:10596000A381019B2060C4E90406002BE0D0B4F9B8
:105970000E102846FEF7A9FF0028D9D0A38923F0EE
:10598000030343F00103A381D2E70000B1F90C2027
:105990002DE9F041160705460C4651D44B68002B03
:1059A00002DC0B6C002B49DDE66A002E46D000239A
:1059B00012F480522F682B6031D0626DA389590791
:1059C00005D56368D21A636B0BB1236CD21A00231E
:1059D000E66A216A2846B047421CB4F90C3006D169
:1059E00029681D2946D8294ACA40D60742D500222F
:1059F0006260D9042269226004D5421C01D12B685F
:105A000003B96065616B2F60C1B104F14403994231
:105A100002D02846FFF7D8FA002363630EE0216A1C
:105A200001232846B0470246501CC7D12B68002BE3
:105A3000C4D01D2B01D0162B1AD12F6000201EE0E0
:105A40000F69002FFAD093070E6808BF4B690F60EB
:105A500018BF0023A6EB07088B60B8F1000FEDDD3F
:105A6000216AA66A43463A462846B047002808DC21
:105A7000B4F90C3043F04003A3814FF0FF30BDE890
:105A8000F0810744A8EB0008E7E700BF01004020D1
:105A900038B50B6905460C4613B90025284638BDB4
:105AA00018B1036A0BB9FFF74BFEB4F90C30002BA9
:105AB000F3D0626ED00704D4990502D4A06DFFF72D
:105AC00054FA28462146FFF761FF636EDA07054660
:105AD000E4D4A3899B05E1D4A06DFFF747FADDE785
:105AE00010B50C46B1F90E10FEF7CBFE0028ABBF87
:105AF000636DA3891B1823F48053ACBF6365A38136
:105B000010BD2DE9F0411F468B89DB0505460C468B
:105B1000164605D5B1F90E1002230022FEF7B6FE97
:105B2000A389B4F90E1023F48053A38132463B4677
:105B30002846BDE8F041FEF7ABBE10B50C46B1F902
:105B40000E10FEF7A3FEB4F90C30421C0BBF23F479
:105B5000805343F48053A381A38118BF606510BDB7
:085B6000B1F90E10FEF796BE2C
:105B680000000000030100000000000000FFFF002B
:105B780000000000000000000000000000000240DB
:105B8800040000001C0000000F10110000000000BD
:105B980064000000640000005802000000000000DB
:105BA8000000000004000000640000006400000021
:105BB800580200000100000000000000030000007F
:105BC800D0070000FA000000D00700000100000024
:105BD8000000000004000000E8030000E8030000E3
:105BE8000000000001000000000000000F1011126A
:105BF800131415161718004B65796368726F6E20B9
:105C08005631204D617800323032362D30372D3202
:105C1800362D31343A35373A33340053544D333214
:105C28004634303100496E76616C6964207365636F
:105C3800746F7220636F756E7420696E74656E641C
:105C4800656420746F2062652075736564207769C8
:105C5800746820776561725F6C6576656C696E67DC
:105C6800002C2C2C2C2C2C2C2C2C2C2C2C00633089
:105C7800006D61696E0069646C6500444D41206681
:105C880061696C7572650065786974006B696C6C24
:105C9800005245454E54206D616C6C6F63207375DE
:105CA80063636565646564002F566F6C756D657315
:105CB8002F646174612F6A656E6B696E732F776FDD
:105CC800726B73706163652F474E552D746F6F6CDF
:105CD800636861696E2F61726D2D31342F73726341
:105CE8002F6E65776C69622D63796777696E2F6EA1
:105CF80065776C69622F6C6962632F7374646C6971
:105D0800622F72616E642E6300303132333435365F
:105D18003738396162636465666768696A6B6C6D98
:105D28006E6F707172737475767778797A002C203B
:105D380066756E6374696F6E3A200061737365727D
:105D480074696F6E2022257322206661696C656410
:105D58003A2066696C6520222573222C206C696EB6
:105D680065202564257325730A00232D302B200018
:105D7800686C4C00656667454647003031323334FD
:105D8800353637383941424344454600303132339D
:105D98003435363738396162636465660002E32B4F
:105DA8000002E3080003E1E32102E30600E2E6E380
:105DB800E700608070006181710062827200638315
:105DC800730064847400658575006686760067874D
:105DD800770068887800698979006A8A7A006B8B0D
:105DE8007B006C8C7C006D8D7D00002010000121F3
:105DF80011000222120003231300042414000525B5
:105E08001500062616000727170008281800092974
:105E180019000A2A1A000B2B1B000C2C1C000D2D34
:105E28001D000E2E1E0030504000315141003252EC
:105E38004200335343003454440035554500365628
:105E480046003757470038584800395949003A5AE8
:105E58004A003B5B4B003C5C4C003D5D4D003E5EA8
:105E68004E010F2F1F010E2E1E010D2D1D010C2C92
:105E78001C010B2B1B010A2A1A01092919010828E0
:105E88001801072717010626160105251501042400
:105E9800140102221201002010016F8F7F016D8D05
:105EA8007D016C8C7C016B8B7B016A8A7A01698924
:105EB8007901688878016787770166867601658544
:105EC80075016484740163837301618171013F5FAB
:105ED8004F013E5E4E013D5D4D0139594901355531
:105EE8004501345444013353430132524201315184
:105EF800410130504000A900AA0027782878A9005D
:105F0800AA0027782878A900AA002900BE00BD00A9
:105F1800047E057E28782778AC00AE00AB00A80088
:105F2800AA00A9004C000000A80035001E001F00B0
:105F3800200021002200230024002500260027003D
:105F48002D002E002A0000004B002B0014001A0020
:105F58000800150017001C0018000C0012001300A0
:105F68002F003000310000004E00390004001600F8
:105F7800070009000A000B000D000E000F00330097
:105F880034000000280000004A00E10000001D0065
:105F98001B0006001900050011001000360037002C
:105FA8003800E500000052000000E000007E027E9C
:105FB8000000000000002C00000000000000037E2C
:105FC80021522452500051004F0001003A003B007A
:105FD8003C003D003E003F004000410042004300BD
:105FE8004400450001000000207801000B7E0C7E73
:105FF8000D7E0E7E0100010001000100010001007C
:1060080001000100010000000100207821782778B4
:10601800237825782978010001000100010001009A
:106028000100010001000000010001002278287829
:10603800247826782A780100010001000100010077
:1060480001000000010000004D00010000000100F7
:106058000100010001000F7E137001000100010022
:106068000100010000000100000001000100010022
:106078000000000000000100000000000000010016
:106088000100010001000100010029003A003B0065
:106098003C003D003E003F004000410042004300FC
:1060A800440045004C000000A80035001E001F00F9
:1060B80020002100220023002400250026002700BC
:1060C8002D002E002A0000004B002B0014001A009F
:1060D8000800150017001C0018000C00120013001F
:1060E8002F003000310000004E0039000400160077
:1060F800070009000A000B000D000E000F00330016
:1061080034000000280000004A00E10000001D00E3
:106118001B000600190005001100100036003700AA
:106128003800E500000052000000E000E300E20053
:106138000000000000002C00000000000000E60045
:1061480023522452500051004F000100BE00BD00F0
:10615800067E077E28782778AC00AE00AB00A80042
:10616800AA00A90001000000207801000B7E0C7E27
:106178000D7E0E7E010001000100010001000100FA
:106188000100010001000000010020782178277833
:106198002378257829780100010001000100010019
:1061A80001000100010000000100010022782878A8
:1061B800247826782A7801000100010001000100F6
:1061C80001000000010000004D0001000000010076
:1061D8000100010001000F7E1370010001000100A1
:1061E80001000100000001000000010001000100A1
:1061F8000000000000000100000000000000010095
:10620800010001000100010001000100010001007E
:10621800010001000100010001000100010001006E
:106228000100010001000000207E0100107E117EA7
:10623800127E137E147E157E167E177E187E197EBA
:106248001A7E1B7E01000000010001000100010010
:1062580001001D7E01000100010001000100010094
:106268000100010001000000010001001C7E010086
:10627800010001000100010001000100010001000E
:106288000100000001000000010001000000010001
:1062980001000100010001001E7E01000100010053
:1062A80001000100000001000000010001000100E0
:1062B8000000000000001F7E000000000000010038
:1062C80001000100010001000100E200E900EA000C
:1062D800B500B600B700CD008301CC008A01920159
:1062E80094012102230224022502260227022A02FF
:1062F800B300B4006F0070009F01CB019F02A002A1
:10630800E200E900EA00B500B600B700CD0083015D
:10631800CC008A0192019401210223022402250261
:10632800260227022A02B300B4006F0070009F0102
:10633800CB019F02A00200000608024007080240A5
:10634800080802400E0002400F0002400A080240FE
:106358000B0802400D0802400E0802400F080240D8
:1063680000080240010802400208024003080240F7
:1063780000000240010002400C080240020C0240EA
:1063880003040240040402400504024006040240DB
:10639800003131295A1B750A4DF60008E9F4000846
:1063A80029F5000899F60008ADF60008B9F60008C6
:1063B80000010101010101010101020202020202C0
:1063C8000202020303030303030303040404040493
:1063D800040405050505050606060606070707075A
:1063E8000708080808090909090A0A0A0B0B0B0C0F
:1063F8000C0C0D0D0D0E0E0E0F0F0F1010111111AC
:10640800121213131414151516161717181819192C
:106418001A1A1B1B1C1D1D1E1E1F20202122222391
:106428002424252626272829292A2B2C2D2D2E2FD2
:1064380030313232333435363738393A3B3C3D3EE9
:106448003F404142434445464748494A4C4D4E4FD8
:1064580050515354555658595A5B5D5E5F6162649A
:10646800656668696B6C6D6F7072737577787A7B27
:106478007D7E8082838587888A8C8E8F919395967E
:10648800989A9C9EA0A2A3A5A7A9ABADAFB1B3B59E
:10649800B7BABCBEC0C2C4C6C9CBCDCFD1D4D6D87A
:1064A800DBDDDFE2E4E7E9EBEEF0F3F5F8FAFDFF18
:1064B80000FF0100010000FFFF0000010001FF00D4
:1064C800C50B0108250B01080D0A0108090A010876
:1064D8004422B6007F660108A7650108C96501085E
:1064E8004C65010865650108856501083665010880
:1064F800226501080065010820034B00650079004A
:106508006300680072006F006E00200056003100C2
:1065180020004D0061007800000012034B00650068
:1065280079006300680072006F006E0000000403C9
:10653800090409025B00030100A0FA090400000134
:10654800030101000921110100012244000705810E
:1065580003080001090401000203000000092111D9
:10656800010001222200070582032000010705021D
:1065780003200001090402000103000000092111A1
:1065880001000122B6000705830320000112010063
:106598000200000040343413090101010200010621
:1065A80060FF0961A1010962150026FF00952075A9
:1065B8000881020963150026FF00952075089102DD
:1065C800C005010902A10185020901A100050919F7
:1065D80001290815002501950875018102050109A1
:1065E8003009311581257F9502750881060938150E
:1065F80081257F950175088106050C0A38021581E9
:10660800257F950175088106C0C005010980A10193
:10661800850319012AB700150126B70095017510E1
:106628008100C0050C0901A101850419012AA002F5
:10663800150126A002950175108100C00501090603
:10664800A1018506050719E029E715002501950828
:10665800750181020507190029EF1500250195F03C
:106668007501810205081901290595057501910231
:10667800950175039101C005010906A101050719D6
:10668800E029E71500250195087501810295017536
:106698000881010507190029FF150026FF00950646
:1066A80075088100050819012905150025019505BA
:1066B80075019102950175039101C000E07101080F
:1066C800004C0020004C0020004C0020E071010824
:1066D800000000000000000000000000E071010858
:1066E800000000000000000000000000E071010848
:1066F800000000000000000000000000E071010838
:10670800000000000000000000000000E071010827
:10671800000000000000000000000000E071010817
:10672800000000000000000000000000E071010807
:10673800000000000000000000000000765C010876
:10674800C8210020A823002000000000FD2E010819
:10675800012F01082F2F0108DF2F0108EB2F010857
:1067680031300108633001087522010869220108E7
:106778000100000000000000030000000400000009
:1067880008000000F0670108000000000000000891
:1067980000000800030000000400000007000000DB
:1067A8003068010800000000000000080000060032
:1067B80003000000040000000600000068680108EB
:1067C80000000000000000080000040003000000B2
:1067D800040000000500000098680108000000009F
:1067E8000000000800000200000000000040000057
:1067F8000040000000400000008000000040000051
:1068080000C000000040000000000100000001007E
:106818000000020000000200000004000000020066
:106828000000060000000200000000000040000018
:106838000040000000400000008000000040000010
:1068480000C000000040000000000100000001003E
:106858000000020000000200000004000000020026
:106868000000000000400000004000000040000060
:10687800008000000040000000C000000040000050
:1068880000000100000001000000020000000200FA
:106898000000000000400000004000000040000030
:1068A800008000000040000000C000000040000020
:1068B8000000010000000100106002400860024072
:1068C8000000000B28600240086002400006010C2E
:1068D80040600240086002400010020D586002400B
:1068E800086002400016030E706002400C6002400F
:1068F8000000040F886002400C600240000605108A
:10690800A06002400C60024000100611B86002400E
:106918000C6002400016072F106402400864024011
:10692800000008382864024008640240000609395B
:10693800406402400864024000100A3A5864024069
:106948000864024000160B3B706402400C6402406D
:1069580000000C3C886402400C64024000060D44B0
:10696800A06402400C64024000100E45B864024066
:106978000C64024000160F46800000004001000031
:1069880003000000000000006D26010835290108F9
:10699800E729010840004000342400203424002066
:1069A800010000002C24002000AAA0020000000022
:1069B800FFFFFFFF54500154FFFF00000000565531
:1069C80000AA0A000000000000000000FFFFFFFF0F
:1069D800AAAAAAAAFFFF0000000000000000000009
:1069E8000000000000000000FFFFFFFF555955554B
:1069F800FFFF0000005000600006060000000000D5
:106A080000000000FFFFFFFF55555555FF0F000020
:106A1800000000000000000000000000000000006E
:106A2800FFFFFFFF55555555FFFF00000000000010
:106A3800000000000000000000000000FFFFFFFF52
:106A480050555555FFFF00000000000000000000F1
:086A58003417FF7F010000006C
:106A6000418200085D830008C9830008358400085E
:106A700045850008201C58020101FF013D8A0008DD
:106A8000A18D00081D8D0008E18D0008ED8B000828
:106A9000258C00085D8C0008918C0008D18C0008C2
:106AA000398E0008E1900008010016FF0608024038
:106AB00007080240080802400E0002400F00024092
:106AC0000A0802400B0802400D0802400E0802406E
:106AD0000F0802400008024001080240020802407C
:106AE0000308024000000240010002400C0802407E
:106AF000020C024003040240040402400504024068
:106B00000604024004100100010203040506070800
:106B1000090A0B0C0DFFFF0E0F101112131415169E
:106B20001718191A1BFF1C1D1E1F202122232425A4
:106B3000262728292AFF2B2C2D2E2F3031323334B3
:106B4000353637FF38FF393AFF3B3C3D3E3F404149
:106B500042434445FF46FF474849FFFFFF4AFFFFC6
:106B6000FF4B4C4D4E4F500000120020002F003EB6
:106B70000050005F006D007C008E009D00AC00BAEC
:106B800000CD00000E0E0E1D0E2B0E3A0E490E57B4
:106B90000E660E750E830E920EA10EAF0EC50EE0A0
:106BA0000E031A151A241A331A411A501A5F1A6D55
:106BB0001A7C1A8B1A991AA81AB71AC91AE01A0558
:106BC000251925282536254525542562257125803A
:106BD000258E259D25AC25C325E025093220322FA1
:106BE000323E324C325B326A32783287329632A48D
:106BF00032B932D132013E143E263E5D3E923EA174
:106C00003EB03EC23ED13EE03E040404040404040F
:106C10000404040404040404040404040404040434
:106C20000404040404040404040404040404040424
:106C30000404040404040404040404040404040414
:106C40000404040404040404040404040404040404
:106C50000404040404040404040400004115002096
:106C600061150020D1CB0008FFFF0000FFFFFFFFF0
:106C700001FF0000FFFFFFFF0300FF0000FFFF0018
:106C800008040240090402403905280850011E0A80
:106C900014010100C90D0108F50D0108FF0D0108DF
:106CA000090E0108130E010800000000000000009A
:106CB00000000000000000000000000000000000D4
:106CC00000000000000000000000000000000000C4
:106CD00000000000000000000000000000000000B4
:106CE00000000000000000000000000000000000A4
:106CF0000000000000000000000000000000000094
:106D00000000000000000000000000000000000083
:106D100000000000000000005C4B002002000000AA
:106D20000400000020000000481F002000000000B8
:106D30000000000000000000000000000000000053
:106D40000000000000000000000000000000000043
:106D50000000000000000000000000000000000033
:106D60000000000000000000030000000000000020
:106D7000DF100108000000002000000000000000FB
:106D80000000000002000000000000000000000001
:106D900000000000000000000000000000000000F3
:106DA00000000000000000000000000000000000E3
:106DB00000000000000000005C4B00200300000009
:106DC00004000000200000009820002000000000C7
:106DD00000000000A01100200000000000000000E2
:106DE00000000000000000000000000000000000A3
:106DF0000000000000000000000000000000000093
:106E00000000000000000000000000000000000082
:106E10000300000000000000DF1001080000000077
:106E20000800000000000000000000000200000058
:106E30000000000000000000000000000000000052
:106E40000000000000000000000000000000000042
:106E50000000000000000000000000000000000032
:106E60005C4B00200100000004000000080000004E
:106E70006820002000000000000000003411002005
:106E80000000000000000000000000000000000002
:106E900000000000000000000000000000000000F2
:106EA00000000000000000000000000000000000E2
:106EB00000000000000000000300000000000000CF
:106EC000DF100108751101082000200000000000FB
:106ED00000000000020000000000000000000000B0
:106EE00000000000000000000000000000000000A2
:106EF0000000000000000000000000000000000092
:106F000000000000010000005C4B002002000000B7
:106F10000400000020000000D81F00200000000036
:106F200000000000C8100020E4100020FD1201083D
:106F3000D7120108131301080514010821140108D0
:106F40002D140108E81000200000000000000000DF
:106F50000000000000000000000000000000000031
:106F60000000000000000000000000000000000021
:106F70000000000000000000000000000000000011
:106F80000000000000000000000000000000000001
:106F90002000000050110020FD120108D712010846
:106FA0001313010805140108211401082D14010808
:106FB000541100200000000000000000000000004C
:106FC00000000000000000000000000000000000C1
:106FD00000000000000000000000000000000000B1
:106FE00000000000000000000000000000000000A1
:106FF0000000000000000000000000000800000089
:10700000BC110020691301082F1301088513010822
:107010007D140108A1140108B91401080000000042
:1070200000000000C4120020781200202C12002062
:1070300000000000E011002000000000000000003F
:10704000000000000000000006000000000000003A
:107050000000000000000000000000000000000030
:107060000000000000000000000000000000000020
:107070000000000000000000000000000000000010
:1070800000000000000000002000000000000000E0
:1070900000000000040000000000000000000000EC
:1070A00000000000000000000000000000000000E0
:1070B00000000000000000000000000000000000D0
:1070C00000000000000000000000000000000000C0
:1070D00000000000030000000000000000000000AD
:1070E000030000000000000000000000000000009D
:1070F0000000000000000000000000000000000090
:10710000000000000000000000000000000000007F
:10711000000000000000000000000000000000006F
:10712000030000000000000000000000020000005A
:10713000000000000000000000000000000000004F
:10714000000000000000000000000000000000003F
:10715000000000000000000000000000000000002F
:107160000000000000000000000000000600000019
:107170000102000000000000894001088D40010864
:10718000B740010828130020000000005824002008
:10719000C02400202825002000000000000000007E
:1071A00000000000000000000000000000000000DF
:1071B00000000000000000000000000000000000CF
:1071C00000000000000000000000000000000000BF
:1071D0000000000000000000030000005824002010
:040000050800811D51
:00000001FF
